DROP SCHEMA IF EXISTS crinfo;
CREATE SCHEMA crinfo;
USE crinfo;

CREATE TABLE `commune` (
  `id_commune` smallint(5) unsigned NOT NULL AUTO_INCREMENT,
  `name_commune` varchar(255) NOT NULL,
  `last_update` timestamp NOT NULL DEFAULT CURRENT_TIMESTAMP ON UPDATE CURRENT_TIMESTAMP,
  PRIMARY KEY (`id_commune`)
) ENGINE=InnoDB AUTO_INCREMENT=53 DEFAULT CHARSET=utf8;

INSERT INTO `commune` VALUES (1,'Santiago','2017-10-12 01:12:33'),(2,'Independencia','2017-10-12 01:12:33'),(3,'Conchalí','2017-10-12 01:12:33'),(4,'Huechuraba','2017-10-12 01:12:33'),(5,'Recoleta','2017-10-12 01:12:33'),(6,'Providencia','2017-10-12 01:12:33'),(7,'Vitacura','2017-10-12 01:12:33'),(8,'Lo Barnechea','2017-10-12 01:12:33'),(9,'Las Condes','2017-10-12 01:12:33'),(10,'Ñuñoa','2017-10-12 01:12:33'),(11,'La Reina','2017-10-12 01:12:33'),(12,'Macul','2017-10-12 01:12:33'),(13,'Peñalolén','2017-10-12 01:12:33'),(14,'La Florida','2017-10-12 01:12:33'),(15,'San Joaquín','2017-10-12 01:12:33'),(16,'La Granja','2017-10-12 01:12:33'),(17,'La Pintana','2017-10-12 01:12:33'),(18,'San Ramón','2017-10-12 01:12:33'),(19,'San Miguel','2017-10-12 01:12:33'),(20,'La Cisterna','2017-10-12 01:12:33'),(21,'El Bosque','2017-10-12 01:12:33'),(22,'Pedro Aguirre Cerda','2017-10-12 01:12:33'),(23,'Lo Espejo','2017-10-12 01:12:33'),(24,'Estación Central','2017-10-12 01:12:33'),(25,'Cerrillos','2017-10-12 01:12:33'),(26,'Maipú','2017-10-12 01:12:33'),(27,'Quinta Normal','2017-10-12 01:12:33'),(28,'Lo Prado','2017-10-12 01:12:33'),(29,'Pudahuel','2017-10-12 01:12:33'),(30,'Cerro Navia','2017-10-12 01:12:33'),(31,'Renca','2017-10-12 01:12:33'),(32,'Quilicura','2017-10-12 01:12:33'),(33,'Colina','2017-10-12 01:12:33'),(34,'Lampa','2017-10-12 01:12:33'),(35,'Tiltil','2017-10-12 01:12:33'),(36,'Puente Alto','2017-10-12 01:12:33'),(37,'San José de Maipo','2017-10-12 01:12:33'),(38,'Pirque','2017-10-12 01:12:33'),(39,'San Bernardo','2017-10-12 01:12:33'),(40,'Buin','2017-10-12 01:12:33'),(41,'Paine','2017-10-12 01:12:33'),(42,'Calera de Tango','2017-10-12 01:12:33'),(43,'Melipilla','2017-10-12 01:12:33'),(44,'María Pinto','2017-10-12 01:12:33'),(45,'Curacaví','2017-10-12 01:12:33'),(46,'Alhué','2017-10-12 01:12:33'),(47,'San Pedro','2017-10-12 01:12:33'),(48,'Talagante','2017-10-12 01:12:33'),(49,'Peñaflor','2017-10-12 01:12:33'),(50,'Isla de Maipo','2017-10-12 01:12:33'),(51,'El Monte','2017-10-12 01:12:33'),(52,'Padre Hurtado','2017-10-12 01:12:33');

CREATE TABLE `crime` (
  `id_crime` smallint(5) unsigned NOT NULL AUTO_INCREMENT,
  `crime_name` varchar(255) NOT NULL,
  `last_update` timestamp NOT NULL DEFAULT CURRENT_TIMESTAMP ON UPDATE CURRENT_TIMESTAMP,
  PRIMARY KEY (`id_crime`)
) ENGINE=InnoDB AUTO_INCREMENT=6 DEFAULT CHARSET=utf8;

INSERT INTO `crime` VALUES (1,'Delitos Sexuales','2017-10-12 01:12:33'),(2,'Drogas','2017-10-12 01:12:33'),(3,'Delitos Violentos','2017-10-12 01:12:33'),(4,'Violencia Intrafamiliar','2017-10-12 01:12:33'),(5,'Responsabilidad Penal Adolescente','2017-10-12 01:12:33');

CREATE TABLE `tweet` (
  `id_tweet` smallint(5) unsigned NOT NULL AUTO_INCREMENT,
  `publication_date` varchar(255) DEFAULT NULL,
  `id_commune` smallint(5) unsigned DEFAULT NULL,
  `id_crime` smallint(5) unsigned NOT NULL,
  `last_update` timestamp NOT NULL DEFAULT CURRENT_TIMESTAMP ON UPDATE CURRENT_TIMESTAMP,
  PRIMARY KEY (`id_tweet`),
  KEY `id_crime` (`id_crime`),
  KEY `id_commune` (`id_commune`),
  CONSTRAINT `tweet_ibfk_1` FOREIGN KEY (`id_crime`) REFERENCES `crime` (`id_crime`),
  CONSTRAINT `tweet_ibfk_2` FOREIGN KEY (`id_commune`) REFERENCES `commune` (`id_commune`)
) ENGINE=InnoDB AUTO_INCREMENT=1923 DEFAULT CHARSET=utf8;

INSERT INTO `tweet` VALUES (1,'2017-10-11',8,2,'2017-10-12 01:12:33'),(2,'2017-10-11',16,5,'2017-10-12 01:12:33'),(3,'2017-10-07',34,5,'2017-10-12 01:12:33'),(4,'2017-10-07',4,2,'2017-10-12 01:12:33'),(5,'2017-10-04',16,2,'2017-10-12 01:12:33'),(6,'2017-10-03',21,1,'2017-10-12 01:12:33'),(7,'2017-09-28',8,5,'2017-10-12 01:12:33'),(8,'2017-09-27',34,2,'2017-10-12 01:12:33'),(9,'2017-09-20',34,2,'2017-10-12 01:12:33'),(10,'2017-09-19',16,1,'2017-10-12 01:12:33'),(11,'2017-09-16',44,3,'2017-10-12 01:12:33'),(12,'2017-09-15',49,2,'2017-10-12 01:12:33'),(13,'2017-09-15',7,5,'2017-10-12 01:12:33'),(14,'2017-09-11',44,2,'2017-10-12 01:12:33'),(15,'2017-09-09',38,3,'2017-10-12 01:12:33'),(16,'2017-09-07',13,4,'2017-10-12 01:12:33'),(17,'2017-09-05',2,3,'2017-10-12 01:12:33'),(18,'2017-09-01',49,2,'2017-10-12 01:12:33'),(19,'2017-09-01',49,5,'2017-10-12 01:12:33'),(20,'2017-08-31',7,3,'2017-10-12 01:12:33'),(21,'2017-08-29',29,5,'2017-10-12 01:12:33'),(22,'2017-08-28',52,4,'2017-10-12 01:12:33'),(23,'2017-08-25',4,4,'2017-10-12 01:12:33'),(24,'2017-08-24',25,5,'2017-10-12 01:12:33'),(25,'2017-08-23',44,2,'2017-10-12 01:12:33'),(26,'2017-08-21',5,5,'2017-10-12 01:12:33'),(27,'2017-08-21',16,4,'2017-10-12 01:12:33'),(28,'2017-08-15',33,1,'2017-10-12 01:12:33'),(29,'2017-08-14',31,5,'2017-10-12 01:12:33'),(30,'2017-08-12',15,5,'2017-10-12 01:12:33'),(31,'2017-08-11',34,1,'2017-10-12 01:12:33'),(32,'2017-08-09',13,2,'2017-10-12 01:12:33'),(33,'2017-08-09',43,3,'2017-10-12 01:12:33'),(34,'2017-08-08',24,1,'2017-10-12 01:12:33'),(35,'2017-08-07',25,3,'2017-10-12 01:12:33'),(36,'2017-08-05',15,1,'2017-10-12 01:12:33'),(37,'2017-08-03',33,4,'2017-10-12 01:12:33'),(38,'2017-08-03',11,4,'2017-10-12 01:12:33'),(39,'2017-08-03',40,5,'2017-10-12 01:12:33'),(40,'2017-07-29',26,2,'2017-10-12 01:12:33'),(41,'2017-07-21',21,3,'2017-10-12 01:12:33'),(42,'2017-07-18',23,3,'2017-10-12 01:12:33'),(43,'2017-07-18',40,4,'2017-10-12 01:12:33'),(44,'2017-07-16',9,2,'2017-10-12 01:12:33'),(45,'2017-07-15',43,1,'2017-10-12 01:12:33'),(46,'2017-07-10',26,3,'2017-10-12 01:12:33'),(47,'2017-07-07',5,3,'2017-10-12 01:12:33'),(48,'2017-07-02',23,5,'2017-10-12 01:12:33'),(49,'2017-07-02',38,2,'2017-10-12 01:12:33'),(50,'2017-07-01',29,3,'2017-10-12 01:12:33'),(51,'2017-06-26',27,2,'2017-10-12 01:12:33'),(52,'2017-06-23',6,5,'2017-10-12 01:12:33'),(53,'2017-06-20',40,5,'2017-10-12 01:12:33'),(54,'2017-06-13',50,3,'2017-10-12 01:12:33'),(55,'2017-06-13',12,3,'2017-10-12 01:12:33'),(56,'2017-06-12',26,1,'2017-10-12 01:12:33'),(57,'2017-06-12',22,3,'2017-10-12 01:12:33'),(58,'2017-06-09',4,3,'2017-10-12 01:12:33'),(60,'2017-06-06',4,3,'2017-10-12 01:12:33'),(61,'2017-06-05',49,5,'2017-10-12 01:12:33'),(62,'2017-06-03',9,2,'2017-10-12 01:12:33'),(63,'2017-06-02',12,1,'2017-10-12 01:12:33'),(64,'2017-05-31',20,5,'2017-10-12 01:12:33'),(65,'2017-05-30',50,2,'2017-10-12 01:12:33'),(66,'2017-05-28',15,5,'2017-10-12 01:12:33'),(67,'2017-05-27',8,4,'2017-10-12 01:12:33'),(68,'2017-05-26',35,1,'2017-10-12 01:12:33'),(69,'2017-05-23',28,5,'2017-10-12 01:12:33'),(70,'2017-05-21',36,4,'2017-10-12 01:12:33'),(71,'2017-05-20',52,4,'2017-10-12 01:12:33'),(72,'2017-05-19',35,4,'2017-10-12 01:12:33'),(73,'2017-05-19',27,5,'2017-10-12 01:12:33'),(74,'2017-05-17',7,5,'2017-10-12 01:12:33'),(75,'2017-05-17',24,2,'2017-10-12 01:12:33'),(76,'2017-05-12',48,5,'2017-10-12 01:12:33'),(77,'2017-05-11',5,2,'2017-10-12 01:12:33'),(78,'2017-05-09',34,1,'2017-10-12 01:12:33'),(79,'2017-05-08',37,5,'2017-10-12 01:12:33'),(80,'2017-05-06',21,4,'2017-10-12 01:12:33'),(81,'2017-05-02',8,4,'2017-10-12 01:12:33'),(82,'2017-04-29',48,2,'2017-10-12 01:12:33'),(83,'2017-04-28',41,1,'2017-10-12 01:12:33'),(84,'2017-04-26',30,3,'2017-10-12 01:12:33'),(85,'2017-04-24',20,2,'2017-10-12 01:12:33'),(86,'2017-04-21',3,2,'2017-10-12 01:12:33'),(87,'2017-04-21',49,1,'2017-10-12 01:12:33'),(88,'2017-04-19',19,3,'2017-10-12 01:12:33'),(89,'2017-04-15',49,1,'2017-10-12 01:12:33'),(90,'2017-04-15',10,2,'2017-10-12 01:12:33'),(91,'2017-04-12',46,3,'2017-10-12 01:12:33'),(92,'2017-04-10',6,1,'2017-10-12 01:12:33'),(93,'2017-04-08',36,3,'2017-10-12 01:12:33'),(94,'2017-04-08',31,2,'2017-10-12 01:12:33'),(95,'2017-04-07',38,5,'2017-10-12 01:12:33'),(96,'2017-04-07',35,4,'2017-10-12 01:12:33'),(97,'2017-04-05',1,3,'2017-10-12 01:12:33'),(98,'2017-04-04',25,2,'2017-10-12 01:12:33'),(99,'2017-04-01',41,3,'2017-10-12 01:12:33'),(100,'2017-03-29',51,4,'2017-10-12 01:12:33'),(101,'2017-03-28',34,5,'2017-10-12 01:12:33'),(102,'2017-03-28',52,3,'2017-10-12 01:12:33'),(103,'2017-03-27',46,1,'2017-10-12 01:12:33'),(104,'2017-03-26',31,3,'2017-10-12 01:12:33'),(105,'2017-03-21',5,3,'2017-10-12 01:12:33'),(106,'2017-03-20',35,1,'2017-10-12 01:12:33'),(107,'2017-03-19',30,1,'2017-10-12 01:12:33'),(108,'2017-03-19',47,2,'2017-10-12 01:12:33'),(109,'2017-03-13',29,5,'2017-10-12 01:12:33'),(110,'2017-03-13',15,2,'2017-10-12 01:12:33'),(111,'2017-03-10',15,2,'2017-10-12 01:12:33'),(112,'2017-03-09',30,5,'2017-10-12 01:12:33'),(113,'2017-03-08',30,4,'2017-10-12 01:12:33'),(114,'2017-03-06',9,4,'2017-10-12 01:12:33'),(115,'2017-03-06',22,3,'2017-10-12 01:12:33'),(116,'2017-03-03',1,2,'2017-10-12 01:12:33'),(117,'2017-02-22',22,1,'2017-10-12 01:12:33'),(118,'2017-02-21',9,5,'2017-10-12 01:12:33'),(119,'2017-02-21',26,1,'2017-10-12 01:12:33'),(120,'2017-02-20',5,5,'2017-10-12 01:12:33'),(121,'2017-02-18',27,5,'2017-10-12 01:12:33'),(122,'2017-02-15',24,3,'2017-10-12 01:12:33'),(123,'2017-02-14',3,3,'2017-10-12 01:12:33'),(124,'2017-02-08',46,2,'2017-10-12 01:12:33'),(125,'2017-02-05',1,4,'2017-10-12 01:12:33'),(126,'2017-02-05',24,2,'2017-10-12 01:12:33'),(127,'2017-01-27',28,2,'2017-10-12 01:12:33'),(128,'2017-01-26',41,2,'2017-10-12 01:12:33'),(129,'2017-01-23',4,2,'2017-10-12 01:12:33'),(130,'2017-01-22',9,5,'2017-10-12 01:12:33'),(131,'2017-01-21',10,1,'2017-10-12 01:12:33'),(132,'2017-01-16',34,1,'2017-10-12 01:12:33'),(133,'2017-01-15',23,2,'2017-10-12 01:12:33'),(134,'2017-01-15',30,3,'2017-10-12 01:12:33'),(135,'2017-01-14',14,1,'2017-10-12 01:12:33'),(136,'2017-01-13',10,5,'2017-10-12 01:12:33'),(137,'2017-01-08',35,2,'2017-10-12 01:12:33'),(138,'2017-01-06',39,1,'2017-10-12 01:12:33'),(139,'2017-01-05',12,2,'2017-10-12 01:12:33'),(140,'2017-01-05',51,3,'2017-10-12 01:12:33'),(141,'2017-01-04',9,2,'2017-10-12 01:12:33'),(142,'2017-01-01',32,4,'2017-10-12 01:12:33'),(143,'2016-12-31',50,2,'2017-10-12 01:12:33'),(144,'2016-12-29',20,3,'2017-10-12 01:12:33'),(146,'2016-12-29',49,5,'2017-10-12 01:12:33'),(147,'2016-12-27',24,4,'2017-10-12 01:12:33'),(148,'2016-12-26',21,1,'2017-10-12 01:12:33'),(149,'2016-12-23',31,3,'2017-10-12 01:12:33'),(150,'2016-12-21',40,5,'2017-10-12 01:12:33'),(151,'2016-12-20',44,5,'2017-10-12 01:12:33'),(152,'2016-12-18',14,3,'2017-10-12 01:12:33'),(153,'2016-12-16',44,1,'2017-10-12 01:12:33'),(154,'2016-12-15',32,5,'2017-10-12 01:12:33'),(155,'2016-12-14',5,1,'2017-10-12 01:12:33'),(156,'2016-12-13',4,1,'2017-10-12 01:12:33'),(157,'2016-12-11',37,3,'2017-10-12 01:12:33'),(158,'2016-12-10',13,2,'2017-10-12 01:12:33'),(159,'2016-12-10',12,2,'2017-10-12 01:12:33'),(160,'2016-12-09',31,4,'2017-10-12 01:12:33'),(161,'2016-12-08',20,5,'2017-10-12 01:12:33'),(162,'2016-12-03',17,2,'2017-10-12 01:12:33'),(163,'2016-12-02',42,5,'2017-10-12 01:12:33'),(165,'2016-12-01',35,5,'2017-10-12 01:12:33'),(166,'2016-12-01',15,5,'2017-10-12 01:12:33'),(167,'2016-12-01',25,4,'2017-10-12 01:12:33'),(168,'2016-11-29',28,2,'2017-10-12 01:12:33'),(169,'2016-11-26',4,1,'2017-10-12 01:12:33'),(170,'2016-11-26',26,3,'2017-10-12 01:12:33'),(171,'2016-11-22',40,4,'2017-10-12 01:12:33'),(172,'2016-11-18',14,4,'2017-10-12 01:12:33'),(173,'2016-11-16',13,2,'2017-10-12 01:12:33'),(174,'2016-11-16',4,4,'2017-10-12 01:12:33'),(175,'2016-11-13',8,1,'2017-10-12 01:12:33'),(176,'2016-11-11',38,2,'2017-10-12 01:12:33'),(177,'2016-11-10',33,3,'2017-10-12 01:12:33'),(178,'2016-11-09',10,1,'2017-10-12 01:12:33'),(179,'2016-11-07',3,1,'2017-10-12 01:12:33'),(180,'2016-11-05',36,1,'2017-10-12 01:12:33'),(181,'2016-11-04',20,4,'2017-10-12 01:12:33'),(182,'2016-11-03',45,1,'2017-10-12 01:12:33'),(183,'2016-11-03',37,5,'2017-10-12 01:12:33'),(184,'2016-11-02',29,1,'2017-10-12 01:12:33'),(185,'2016-11-01',51,4,'2017-10-12 01:12:33'),(186,'2016-10-31',36,2,'2017-10-12 01:12:33'),(187,'2016-10-31',13,3,'2017-10-12 01:12:33'),(188,'2016-10-31',25,1,'2017-10-12 01:12:33'),(189,'2016-10-26',43,2,'2017-10-12 01:12:33'),(190,'2016-10-26',14,2,'2017-10-12 01:12:33'),(191,'2016-10-25',14,2,'2017-10-12 01:12:33'),(192,'2016-10-24',11,5,'2017-10-12 01:12:33'),(193,'2016-10-22',16,3,'2017-10-12 01:12:33'),(194,'2016-10-21',39,5,'2017-10-12 01:12:33'),(195,'2016-10-20',10,4,'2017-10-12 01:12:33'),(196,'2016-10-18',13,5,'2017-10-12 01:12:33'),(197,'2016-10-16',22,4,'2017-10-12 01:12:33'),(198,'2016-10-15',2,1,'2017-10-12 01:12:33'),(199,'2016-10-14',22,1,'2017-10-12 01:12:33'),(200,'2016-10-11',4,5,'2017-10-12 01:12:33'),(201,'2016-10-07',23,5,'2017-10-12 01:12:33'),(202,'2016-09-29',16,1,'2017-10-12 01:12:33'),(203,'2016-09-27',1,2,'2017-10-12 01:12:33'),(204,'2016-09-24',42,1,'2017-10-12 01:12:33'),(205,'2016-09-20',21,5,'2017-10-12 01:12:33'),(206,'2016-09-20',28,1,'2017-10-12 01:12:33'),(207,'2016-09-15',21,2,'2017-10-12 01:12:33'),(208,'2016-09-13',21,5,'2017-10-12 01:12:33'),(209,'2016-09-11',5,4,'2017-10-12 01:12:33'),(210,'2016-09-07',16,5,'2017-10-12 01:12:33'),(211,'2016-09-07',28,5,'2017-10-12 01:12:33'),(212,'2016-09-04',22,1,'2017-10-12 01:12:33'),(213,'2016-09-01',23,4,'2017-10-12 01:12:33'),(214,'2016-09-01',40,3,'2017-10-12 01:12:33'),(215,'2016-08-25',17,3,'2017-10-12 01:12:33'),(216,'2016-08-22',31,5,'2017-10-12 01:12:33'),(217,'2016-08-21',34,4,'2017-10-12 01:12:33'),(218,'2016-08-21',51,4,'2017-10-12 01:12:33'),(219,'2016-08-20',11,1,'2017-10-12 01:12:33'),(220,'2016-08-19',19,5,'2017-10-12 01:12:33'),(221,'2016-08-18',48,1,'2017-10-12 01:12:33'),(222,'2016-08-16',48,3,'2017-10-12 01:12:33'),(223,'2016-08-14',42,1,'2017-10-12 01:12:33'),(224,'2016-08-12',47,5,'2017-10-12 01:12:33'),(225,'2016-08-09',37,1,'2017-10-12 01:12:33'),(226,'2016-08-07',1,5,'2017-10-12 01:12:33'),(227,'2016-08-02',44,2,'2017-10-12 01:12:33'),(228,'2016-08-01',16,1,'2017-10-12 01:12:33'),(229,'2016-07-31',2,5,'2017-10-12 01:12:33'),(230,'2016-07-31',7,5,'2017-10-12 01:12:33'),(231,'2016-07-29',27,4,'2017-10-12 01:12:33'),(232,'2016-07-29',28,1,'2017-10-12 01:12:33'),(233,'2016-07-28',19,4,'2017-10-12 01:12:33'),(234,'2016-07-28',39,5,'2017-10-12 01:12:33'),(235,'2016-07-27',21,5,'2017-10-12 01:12:33'),(236,'2016-07-26',37,5,'2017-10-12 01:12:33'),(237,'2016-07-25',25,4,'2017-10-12 01:12:33'),(238,'2016-07-23',23,3,'2017-10-12 01:12:33'),(239,'2016-07-21',23,2,'2017-10-12 01:12:33'),(240,'2016-07-20',6,5,'2017-10-12 01:12:33'),(241,'2016-07-17',47,2,'2017-10-12 01:12:33'),(242,'2016-07-15',32,3,'2017-10-12 01:12:33'),(243,'2016-07-15',19,3,'2017-10-12 01:12:33'),(244,'2016-07-14',24,3,'2017-10-12 01:12:33'),(245,'2016-07-14',26,5,'2017-10-12 01:12:33'),(246,'2016-07-13',17,2,'2017-10-12 01:12:33'),(247,'2016-07-12',3,4,'2017-10-12 01:12:33'),(248,'2016-07-12',43,4,'2017-10-12 01:12:33'),(249,'2016-07-05',3,2,'2017-10-12 01:12:33'),(250,'2016-07-04',6,4,'2017-10-12 01:12:33'),(251,'2016-07-04',50,3,'2017-10-12 01:12:33'),(252,'2016-07-01',18,4,'2017-10-12 01:12:33'),(253,'2016-06-30',24,5,'2017-10-12 01:12:33'),(254,'2016-06-30',22,2,'2017-10-12 01:12:33'),(255,'2016-06-25',45,2,'2017-10-12 01:12:33'),(256,'2016-06-24',38,4,'2017-10-12 01:12:33'),(257,'2016-06-23',26,5,'2017-10-12 01:12:33'),(258,'2016-06-21',15,4,'2017-10-12 01:12:33'),(259,'2016-06-18',35,2,'2017-10-12 01:12:33'),(260,'2016-06-17',13,5,'2017-10-12 01:12:33'),(261,'2016-06-17',20,3,'2017-10-12 01:12:33'),(262,'2016-06-15',15,5,'2017-10-12 01:12:33'),(263,'2016-06-10',31,3,'2017-10-12 01:12:33'),(264,'2016-06-09',50,1,'2017-10-12 01:12:33'),(265,'2016-06-06',28,5,'2017-10-12 01:12:33'),(266,'2016-06-05',44,1,'2017-10-12 01:12:33'),(267,'2016-06-05',15,4,'2017-10-12 01:12:33'),(268,'2016-06-05',8,3,'2017-10-12 01:12:33'),(269,'2016-06-04',22,1,'2017-10-12 01:12:33'),(270,'2016-06-04',51,4,'2017-10-12 01:12:33'),(271,'2016-06-03',36,1,'2017-10-12 01:12:33'),(272,'2016-06-01',52,5,'2017-10-12 01:12:33'),(273,'2016-05-31',29,3,'2017-10-12 01:12:33'),(274,'2016-05-26',12,2,'2017-10-12 01:12:33'),(275,'2016-05-20',8,3,'2017-10-12 01:12:33'),(276,'2016-05-20',30,2,'2017-10-12 01:12:33'),(277,'2016-05-19',19,5,'2017-10-12 01:12:33'),(278,'2016-05-17',25,3,'2017-10-12 01:12:33'),(279,'2016-05-15',41,5,'2017-10-12 01:12:33'),(280,'2016-05-12',27,3,'2017-10-12 01:12:33'),(281,'2016-05-12',15,2,'2017-10-12 01:12:33'),(282,'2016-05-10',10,5,'2017-10-12 01:12:33'),(283,'2016-05-07',52,5,'2017-10-12 01:12:33'),(284,'2016-05-05',32,5,'2017-10-12 01:12:33'),(285,'2016-04-30',15,1,'2017-10-12 01:12:33'),(286,'2016-04-28',26,5,'2017-10-12 01:12:33'),(287,'2016-04-23',32,4,'2017-10-12 01:12:33'),(288,'2016-04-22',18,3,'2017-10-12 01:12:33'),(289,'2016-04-21',9,1,'2017-10-12 01:12:33'),(290,'2016-04-21',8,1,'2017-10-12 01:12:33'),(291,'2016-04-19',5,4,'2017-10-12 01:12:33'),(292,'2016-04-16',51,4,'2017-10-12 01:12:33'),(293,'2016-04-14',1,3,'2017-10-12 01:12:33'),(294,'2016-04-14',29,4,'2017-10-12 01:12:33'),(295,'2016-04-14',11,4,'2017-10-12 01:12:33'),(296,'2016-04-11',21,4,'2017-10-12 01:12:33'),(297,'2016-04-09',12,1,'2017-10-12 01:12:33'),(298,'2016-04-05',45,1,'2017-10-12 01:12:33'),(299,'2016-04-03',19,1,'2017-10-12 01:12:33'),(300,'2016-04-02',10,5,'2017-10-12 01:12:33'),(301,'2016-04-02',46,3,'2017-10-12 01:12:33'),(302,'2016-03-31',44,2,'2017-10-12 01:12:33'),(303,'2016-03-25',20,2,'2017-10-12 01:12:33'),(304,'2016-03-19',13,3,'2017-10-12 01:12:33'),(305,'2016-03-15',38,5,'2017-10-12 01:12:33'),(306,'2016-03-15',2,4,'2017-10-12 01:12:33'),(307,'2016-03-14',37,5,'2017-10-12 01:12:33'),(308,'2016-03-14',42,2,'2017-10-12 01:12:33'),(309,'2016-03-11',50,5,'2017-10-12 01:12:33'),(310,'2016-03-11',48,3,'2017-10-12 01:12:33'),(311,'2016-03-09',1,2,'2017-10-12 01:12:33'),(312,'2016-03-09',27,5,'2017-10-12 01:12:33'),(313,'2016-03-05',23,4,'2017-10-12 01:12:33'),(314,'2016-03-04',6,4,'2017-10-12 01:12:33'),(315,'2016-02-29',31,2,'2017-10-12 01:12:33'),(316,'2016-02-26',13,5,'2017-10-12 01:12:33'),(317,'2016-02-20',2,3,'2017-10-12 01:12:33'),(318,'2016-02-18',3,4,'2017-10-12 01:12:33'),(319,'2016-02-17',30,5,'2017-10-12 01:12:33'),(320,'2016-02-17',40,2,'2017-10-12 01:12:33'),(321,'2016-02-15',43,3,'2017-10-12 01:12:33'),(322,'2016-02-14',25,4,'2017-10-12 01:12:33'),(323,'2016-02-13',40,1,'2017-10-12 01:12:33'),(324,'2016-02-11',42,2,'2017-10-12 01:12:33'),(325,'2016-02-10',22,2,'2017-10-12 01:12:33'),(326,'2016-02-10',32,3,'2017-10-12 01:12:33'),(327,'2016-02-10',14,2,'2017-10-12 01:12:33'),(328,'2016-02-09',43,1,'2017-10-12 01:12:33'),(329,'2016-02-08',4,1,'2017-10-12 01:12:33'),(330,'2016-02-07',35,5,'2017-10-12 01:12:33'),(331,'2016-02-04',23,2,'2017-10-12 01:12:33'),(332,'2016-01-30',24,5,'2017-10-12 01:12:33'),(333,'2016-01-30',20,2,'2017-10-12 01:12:33'),(334,'2016-01-27',43,2,'2017-10-12 01:12:33'),(335,'2016-01-22',29,1,'2017-10-12 01:12:33'),(336,'2016-01-18',51,2,'2017-10-12 01:12:33'),(337,'2016-01-13',5,4,'2017-10-12 01:12:33'),(338,'2016-01-11',8,5,'2017-10-12 01:12:33'),(339,'2016-01-08',6,4,'2017-10-12 01:12:33'),(340,'2016-01-05',38,3,'2017-10-12 01:12:33'),(341,'2016-01-04',48,1,'2017-10-12 01:12:33'),(342,'2016-01-01',11,4,'2017-10-12 01:12:33'),(343,'2015-12-31',21,4,'2017-10-12 01:12:33'),(344,'2015-12-30',9,5,'2017-10-12 01:12:33'),(345,'2015-12-29',19,3,'2017-10-12 01:12:33'),(346,'2015-12-28',26,5,'2017-10-12 01:12:33'),(347,'2015-12-27',38,2,'2017-10-12 01:12:33'),(348,'2015-12-26',5,1,'2017-10-12 01:12:33'),(349,'2015-12-23',34,3,'2017-10-12 01:12:33'),(350,'2015-12-21',51,5,'2017-10-12 01:12:33'),(351,'2015-12-21',30,4,'2017-10-12 01:12:33'),(352,'2015-12-20',45,5,'2017-10-12 01:12:33'),(353,'2015-12-19',41,4,'2017-10-12 01:12:33'),(354,'2015-12-19',51,2,'2017-10-12 01:12:33'),(355,'2015-12-15',35,4,'2017-10-12 01:12:33'),(356,'2015-12-15',35,2,'2017-10-12 01:12:33'),(357,'2015-12-14',13,1,'2017-10-12 01:12:33'),(358,'2015-12-11',32,4,'2017-10-12 01:12:33'),(359,'2015-12-10',47,3,'2017-10-12 01:12:33'),(360,'2015-11-29',25,1,'2017-10-12 01:12:33'),(361,'2015-11-25',44,4,'2017-10-12 01:12:33'),(362,'2015-11-24',32,5,'2017-10-12 01:12:33'),(363,'2015-11-18',45,3,'2017-10-12 01:12:33'),(364,'2015-11-18',28,1,'2017-10-12 01:12:33'),(365,'2015-11-18',16,3,'2017-10-12 01:12:33'),(366,'2015-11-14',52,2,'2017-10-12 01:12:33'),(367,'2015-11-08',42,4,'2017-10-12 01:12:33'),(368,'2015-11-08',7,5,'2017-10-12 01:12:33'),(369,'2015-10-30',6,2,'2017-10-12 01:12:33'),(370,'2015-10-29',8,2,'2017-10-12 01:12:33'),(371,'2015-10-28',47,2,'2017-10-12 01:12:33'),(372,'2015-10-22',49,3,'2017-10-12 01:12:33'),(373,'2015-10-16',19,5,'2017-10-12 01:12:33'),(374,'2015-10-14',14,1,'2017-10-12 01:12:33'),(375,'2015-10-13',28,3,'2017-10-12 01:12:33'),(376,'2015-10-12',51,4,'2017-10-12 01:12:33'),(377,'2015-10-12',43,4,'2017-10-12 01:12:33'),(378,'2015-10-09',33,1,'2017-10-12 01:12:33'),(379,'2015-10-02',47,2,'2017-10-12 01:12:33'),(380,'2015-10-02',40,1,'2017-10-12 01:12:33'),(381,'2015-10-01',31,5,'2017-10-12 01:12:33'),(382,'2015-09-30',33,1,'2017-10-12 01:12:33'),(383,'2015-09-26',17,1,'2017-10-12 01:12:33'),(384,'2015-09-26',6,3,'2017-10-12 01:12:33'),(385,'2015-09-25',45,5,'2017-10-12 01:12:33'),(386,'2015-09-20',9,2,'2017-10-12 01:12:33'),(387,'2015-09-17',3,4,'2017-10-12 01:12:33'),(388,'2015-09-16',37,1,'2017-10-12 01:12:33'),(389,'2015-09-13',29,4,'2017-10-12 01:12:33'),(390,'2015-09-13',5,4,'2017-10-12 01:12:33'),(391,'2015-09-12',40,5,'2017-10-12 01:12:33'),(392,'2015-09-11',10,1,'2017-10-12 01:12:33'),(393,'2015-09-10',42,5,'2017-10-12 01:12:33'),(394,'2015-09-05',43,5,'2017-10-12 01:12:33'),(395,'2015-09-04',32,4,'2017-10-12 01:12:33'),(396,'2015-09-02',48,2,'2017-10-12 01:12:33'),(397,'2015-08-28',2,1,'2017-10-12 01:12:33'),(398,'2015-08-25',43,3,'2017-10-12 01:12:33'),(399,'2015-08-25',33,2,'2017-10-12 01:12:33'),(400,'2015-08-23',5,1,'2017-10-12 01:12:33'),(401,'2015-08-21',8,1,'2017-10-12 01:12:33'),(402,'2015-08-21',27,1,'2017-10-12 01:12:33'),(403,'2015-08-20',39,1,'2017-10-12 01:12:33'),(404,'2015-08-17',13,5,'2017-10-12 01:12:33'),(405,'2015-08-15',39,5,'2017-10-12 01:12:33'),(406,'2015-08-14',1,5,'2017-10-12 01:12:33'),(407,'2015-08-14',25,5,'2017-10-12 01:12:33'),(408,'2015-08-12',10,1,'2017-10-12 01:12:33'),(409,'2015-08-11',12,1,'2017-10-12 01:12:33'),(410,'2015-08-11',34,1,'2017-10-12 01:12:33'),(411,'2015-08-07',51,5,'2017-10-12 01:12:33'),(412,'2015-08-05',31,1,'2017-10-12 01:12:33'),(413,'2015-08-02',32,2,'2017-10-12 01:12:33'),(414,'2015-07-31',5,1,'2017-10-12 01:12:33'),(415,'2015-07-31',5,5,'2017-10-12 01:12:33'),(416,'2015-07-31',49,1,'2017-10-12 01:12:33'),(417,'2015-07-28',6,4,'2017-10-12 01:12:33'),(418,'2015-07-27',22,2,'2017-10-12 01:12:33'),(419,'2015-07-22',45,2,'2017-10-12 01:12:33'),(420,'2015-07-20',9,3,'2017-10-12 01:12:33'),(421,'2015-07-20',22,5,'2017-10-12 01:12:33'),(422,'2015-07-17',43,4,'2017-10-12 01:12:33'),(423,'2015-07-16',37,5,'2017-10-12 01:12:33'),(424,'2015-07-15',34,2,'2017-10-12 01:12:33'),(425,'2015-07-15',45,2,'2017-10-12 01:12:33'),(426,'2015-07-15',34,3,'2017-10-12 01:12:33'),(427,'2015-07-12',34,5,'2017-10-12 01:12:33'),(428,'2015-07-09',22,5,'2017-10-12 01:12:33'),(429,'2015-07-08',42,3,'2017-10-12 01:12:33'),(430,'2015-07-07',17,3,'2017-10-12 01:12:33'),(431,'2015-07-06',50,3,'2017-10-12 01:12:33'),(432,'2015-07-05',36,1,'2017-10-12 01:12:33'),(433,'2015-07-04',28,3,'2017-10-12 01:12:33'),(434,'2015-07-03',23,2,'2017-10-12 01:12:33'),(435,'2015-06-30',45,3,'2017-10-12 01:12:33'),(436,'2015-06-29',44,3,'2017-10-12 01:12:33'),(437,'2015-06-25',12,3,'2017-10-12 01:12:33'),(438,'2015-06-21',30,5,'2017-10-12 01:12:33'),(439,'2015-06-19',12,5,'2017-10-12 01:12:33'),(440,'2015-06-12',32,2,'2017-10-12 01:12:33'),(441,'2015-06-10',52,1,'2017-10-12 01:12:33'),(442,'2015-06-09',30,4,'2017-10-12 01:12:33'),(443,'2015-06-08',24,3,'2017-10-12 01:12:33'),(444,'2015-06-05',11,5,'2017-10-12 01:12:33'),(445,'2015-06-02',49,2,'2017-10-12 01:12:33'),(446,'2015-06-02',6,5,'2017-10-12 01:12:33'),(447,'2015-06-01',16,5,'2017-10-12 01:12:33'),(448,'2015-06-01',51,3,'2017-10-12 01:12:33'),(449,'2015-05-31',48,3,'2017-10-12 01:12:33'),(450,'2015-05-31',23,4,'2017-10-12 01:12:33'),(451,'2015-05-27',37,1,'2017-10-12 01:12:33'),(452,'2015-05-27',28,1,'2017-10-12 01:12:33'),(453,'2015-05-27',7,5,'2017-10-12 01:12:33'),(454,'2015-05-26',12,5,'2017-10-12 01:12:33'),(455,'2015-05-21',11,1,'2017-10-12 01:12:33'),(456,'2015-05-20',19,1,'2017-10-12 01:12:33'),(457,'2015-05-19',44,5,'2017-10-12 01:12:33'),(458,'2015-05-19',40,3,'2017-10-12 01:12:33'),(459,'2015-05-18',32,4,'2017-10-12 01:12:33'),(460,'2015-05-18',13,3,'2017-10-12 01:12:33'),(461,'2015-05-09',20,2,'2017-10-12 01:12:33'),(462,'2015-05-08',16,2,'2017-10-12 01:12:33'),(463,'2015-05-08',42,3,'2017-10-12 01:12:33'),(464,'2015-05-07',37,3,'2017-10-12 01:12:33'),(465,'2015-05-07',14,3,'2017-10-12 01:12:33'),(466,'2015-05-06',41,1,'2017-10-12 01:12:33'),(467,'2015-05-06',38,5,'2017-10-12 01:12:33'),(468,'2015-05-05',10,2,'2017-10-12 01:12:33'),(469,'2015-05-03',10,1,'2017-10-12 01:12:33'),(470,'2015-05-01',27,3,'2017-10-12 01:12:33'),(471,'2015-04-29',6,4,'2017-10-12 01:12:33'),(472,'2015-04-28',19,4,'2017-10-12 01:12:33'),(473,'2015-04-26',43,2,'2017-10-12 01:12:33'),(474,'2015-04-24',13,5,'2017-10-12 01:12:33'),(475,'2015-04-23',41,4,'2017-10-12 01:12:33'),(476,'2015-04-23',28,1,'2017-10-12 01:12:33'),(477,'2015-04-20',30,2,'2017-10-12 01:12:33'),(478,'2015-04-19',20,4,'2017-10-12 01:12:33'),(479,'2015-04-17',11,1,'2017-10-12 01:12:33'),(480,'2015-04-14',44,1,'2017-10-12 01:12:33'),(481,'2015-04-11',24,2,'2017-10-12 01:12:33'),(482,'2015-04-11',18,1,'2017-10-12 01:12:33'),(483,'2015-04-06',6,5,'2017-10-12 01:12:33'),(484,'2015-04-06',35,4,'2017-10-12 01:12:33'),(485,'2015-04-05',33,2,'2017-10-12 01:12:33'),(486,'2015-04-04',34,2,'2017-10-12 01:12:33'),(487,'2015-04-02',34,2,'2017-10-12 01:12:33'),(488,'2015-04-02',4,4,'2017-10-12 01:12:33'),(489,'2015-04-01',21,4,'2017-10-12 01:12:33'),(490,'2015-04-01',37,3,'2017-10-12 01:12:33'),(491,'2015-03-31',52,5,'2017-10-12 01:12:33'),(492,'2015-03-30',13,3,'2017-10-12 01:12:33'),(493,'2015-03-29',25,2,'2017-10-12 01:12:33'),(494,'2015-03-29',2,1,'2017-10-12 01:12:33'),(495,'2015-03-28',38,3,'2017-10-12 01:12:33'),(496,'2015-03-27',22,4,'2017-10-12 01:12:33'),(497,'2015-03-26',18,3,'2017-10-12 01:12:33'),(498,'2015-03-25',14,4,'2017-10-12 01:12:33'),(499,'2015-03-22',37,4,'2017-10-12 01:12:33'),(500,'2015-03-21',46,4,'2017-10-12 01:12:33'),(501,'2015-03-21',38,3,'2017-10-12 01:12:33'),(502,'2015-03-17',36,1,'2017-10-12 01:12:33'),(503,'2015-03-13',32,5,'2017-10-12 01:12:33'),(504,'2015-03-11',2,1,'2017-10-12 01:12:33'),(505,'2015-03-10',52,3,'2017-10-12 01:12:33'),(506,'2015-03-10',2,4,'2017-10-12 01:12:33'),(507,'2015-03-06',6,1,'2017-10-12 01:12:33'),(508,'2015-03-05',21,5,'2017-10-12 01:12:33'),(509,'2015-03-03',43,2,'2017-10-12 01:12:33'),(510,'2015-03-01',29,5,'2017-10-12 01:12:33'),(511,'2015-02-27',8,2,'2017-10-12 01:12:33'),(512,'2015-02-23',20,5,'2017-10-12 01:12:33'),(513,'2015-02-23',10,2,'2017-10-12 01:12:33'),(514,'2015-02-20',18,1,'2017-10-12 01:12:33'),(515,'2015-02-20',8,1,'2017-10-12 01:12:33'),(516,'2015-02-18',51,2,'2017-10-12 01:12:33'),(517,'2015-02-15',31,4,'2017-10-12 01:12:33'),(518,'2015-02-13',14,1,'2017-10-12 01:12:33'),(519,'2015-02-10',6,2,'2017-10-12 01:12:33'),(520,'2015-02-03',33,2,'2017-10-12 01:12:33'),(521,'2015-02-03',14,2,'2017-10-12 01:12:33'),(522,'2015-02-02',42,1,'2017-10-12 01:12:33'),(523,'2015-02-01',37,5,'2017-10-12 01:12:33'),(524,'2015-01-30',14,4,'2017-10-12 01:12:33'),(525,'2015-01-29',42,4,'2017-10-12 01:12:33'),(526,'2015-01-28',19,1,'2017-10-12 01:12:33'),(527,'2015-01-27',48,3,'2017-10-12 01:12:33'),(528,'2015-01-25',20,1,'2017-10-12 01:12:33'),(529,'2015-01-24',20,5,'2017-10-12 01:12:33'),(530,'2015-01-24',9,4,'2017-10-12 01:12:33'),(531,'2015-01-22',13,2,'2017-10-12 01:12:33'),(532,'2015-01-22',39,3,'2017-10-12 01:12:33'),(533,'2015-01-19',1,5,'2017-10-12 01:12:33'),(534,'2015-01-19',46,4,'2017-10-12 01:12:33'),(535,'2015-01-17',37,1,'2017-10-12 01:12:33'),(536,'2015-01-15',52,4,'2017-10-12 01:12:33'),(537,'2015-01-14',6,1,'2017-10-12 01:12:33'),(538,'2015-01-14',43,3,'2017-10-12 01:12:33'),(539,'2015-01-13',46,2,'2017-10-12 01:12:33'),(540,'2015-01-13',32,4,'2017-10-12 01:12:33'),(541,'2015-01-10',2,3,'2017-10-12 01:12:33'),(542,'2015-01-06',41,4,'2017-10-12 01:12:33'),(543,'2015-01-02',8,2,'2017-10-12 01:12:33'),(544,'2014-12-31',28,5,'2017-10-12 01:12:33'),(545,'2014-12-28',4,1,'2017-10-12 01:12:33'),(546,'2014-12-27',36,1,'2017-10-12 01:12:33'),(547,'2014-12-26',3,5,'2017-10-12 01:12:33'),(548,'2014-12-22',9,2,'2017-10-12 01:12:33'),(549,'2014-12-18',48,3,'2017-10-12 01:12:33'),(550,'2014-12-17',18,3,'2017-10-12 01:12:33'),(551,'2014-12-17',8,5,'2017-10-12 01:12:33'),(552,'2014-12-03',33,2,'2017-10-12 01:12:33'),(553,'2014-12-03',52,3,'2017-10-12 01:12:33'),(554,'2014-12-02',10,2,'2017-10-12 01:12:33'),(555,'2014-11-28',52,4,'2017-10-12 01:12:33'),(556,'2014-11-25',20,1,'2017-10-12 01:12:33'),(557,'2014-11-21',24,1,'2017-10-12 01:12:33'),(558,'2014-11-19',4,5,'2017-10-12 01:12:33'),(560,'2014-11-15',18,3,'2017-10-12 01:12:33'),(561,'2014-11-13',4,4,'2017-10-12 01:12:33'),(562,'2014-11-11',14,2,'2017-10-12 01:12:33'),(563,'2014-11-09',12,4,'2017-10-12 01:12:33'),(564,'2014-11-07',26,3,'2017-10-12 01:12:33'),(565,'2014-11-06',42,5,'2017-10-12 01:12:33'),(566,'2014-11-06',45,5,'2017-10-12 01:12:33'),(567,'2014-11-05',49,5,'2017-10-12 01:12:33'),(568,'2014-11-05',19,3,'2017-10-12 01:12:33'),(569,'2014-11-03',27,3,'2017-10-12 01:12:33'),(570,'2014-10-30',47,4,'2017-10-12 01:12:33'),(571,'2014-10-28',12,1,'2017-10-12 01:12:33'),(572,'2014-10-27',33,5,'2017-10-12 01:12:33'),(573,'2014-10-25',38,3,'2017-10-12 01:12:33'),(574,'2014-10-22',16,2,'2017-10-12 01:12:33'),(575,'2014-10-21',27,4,'2017-10-12 01:12:33'),(576,'2014-10-21',23,3,'2017-10-12 01:12:33'),(577,'2014-10-18',5,1,'2017-10-12 01:12:33'),(578,'2014-10-17',31,4,'2017-10-12 01:12:33'),(579,'2014-10-15',38,5,'2017-10-12 01:12:33'),(580,'2014-10-13',25,5,'2017-10-12 01:12:33'),(581,'2014-10-10',46,3,'2017-10-12 01:12:33'),(582,'2014-10-07',6,4,'2017-10-12 01:12:33'),(583,'2014-10-04',27,5,'2017-10-12 01:12:33'),(584,'2014-10-02',46,3,'2017-10-12 01:12:33'),(585,'2014-09-30',49,2,'2017-10-12 01:12:33'),(586,'2014-09-28',30,5,'2017-10-12 01:12:33'),(587,'2014-09-27',22,3,'2017-10-12 01:12:33'),(588,'2014-09-27',41,1,'2017-10-12 01:12:33'),(589,'2014-09-26',46,2,'2017-10-12 01:12:33'),(591,'2014-09-21',6,4,'2017-10-12 01:12:33'),(592,'2014-09-18',12,3,'2017-10-12 01:12:33'),(593,'2014-09-17',5,2,'2017-10-12 01:12:33'),(594,'2014-09-17',37,4,'2017-10-12 01:12:33'),(595,'2014-09-13',4,1,'2017-10-12 01:12:33'),(596,'2014-09-13',23,2,'2017-10-12 01:12:33'),(597,'2014-09-10',2,3,'2017-10-12 01:12:33'),(598,'2014-09-09',25,4,'2017-10-12 01:12:33'),(599,'2014-09-03',30,5,'2017-10-12 01:12:33'),(600,'2014-09-02',30,1,'2017-10-12 01:12:33'),(601,'2014-08-28',36,1,'2017-10-12 01:12:33'),(602,'2014-08-26',43,2,'2017-10-12 01:12:33'),(603,'2014-08-21',10,1,'2017-10-12 01:12:33'),(604,'2014-08-20',42,1,'2017-10-12 01:12:33'),(605,'2014-08-18',35,3,'2017-10-12 01:12:33'),(606,'2014-08-06',32,5,'2017-10-12 01:12:33'),(607,'2014-08-05',9,2,'2017-10-12 01:12:33'),(608,'2014-08-04',39,5,'2017-10-12 01:12:33'),(609,'2014-08-04',52,5,'2017-10-12 01:12:33'),(610,'2014-08-02',12,2,'2017-10-12 01:12:33'),(611,'2014-07-29',4,5,'2017-10-12 01:12:33'),(612,'2014-07-27',37,5,'2017-10-12 01:12:33'),(613,'2014-07-26',4,5,'2017-10-12 01:12:33'),(614,'2014-07-25',49,2,'2017-10-12 01:12:33'),(615,'2014-07-21',5,2,'2017-10-12 01:12:33'),(616,'2014-07-17',24,4,'2017-10-12 01:12:33'),(617,'2014-07-16',4,4,'2017-10-12 01:12:33'),(618,'2014-07-16',30,5,'2017-10-12 01:12:33'),(619,'2014-07-11',23,3,'2017-10-12 01:12:33'),(620,'2014-07-10',12,4,'2017-10-12 01:12:33'),(621,'2014-07-05',14,5,'2017-10-12 01:12:33'),(622,'2014-07-04',12,3,'2017-10-12 01:12:33'),(623,'2014-07-03',46,2,'2017-10-12 01:12:33'),(624,'2014-07-01',16,3,'2017-10-12 01:12:33'),(625,'2014-06-30',9,4,'2017-10-12 01:12:33'),(626,'2014-06-30',16,1,'2017-10-12 01:12:33'),(627,'2014-06-30',38,1,'2017-10-12 01:12:33'),(628,'2014-06-29',18,1,'2017-10-12 01:12:33'),(629,'2014-06-28',38,1,'2017-10-12 01:12:33'),(630,'2014-06-28',50,5,'2017-10-12 01:12:33'),(631,'2014-06-27',42,5,'2017-10-12 01:12:33'),(632,'2014-06-24',41,3,'2017-10-12 01:12:33'),(633,'2014-06-24',27,1,'2017-10-12 01:12:33'),(634,'2014-06-18',16,4,'2017-10-12 01:12:33'),(635,'2014-06-15',50,1,'2017-10-12 01:12:33'),(636,'2014-06-14',42,2,'2017-10-12 01:12:33'),(637,'2014-06-13',34,3,'2017-10-12 01:12:33'),(638,'2014-06-11',10,1,'2017-10-12 01:12:33'),(639,'2014-06-10',49,5,'2017-10-12 01:12:33'),(640,'2014-06-07',12,1,'2017-10-12 01:12:33'),(641,'2014-06-06',28,1,'2017-10-12 01:12:33'),(642,'2014-06-04',16,5,'2017-10-12 01:12:33'),(643,'2014-06-04',13,5,'2017-10-12 01:12:33'),(644,'2014-05-31',26,4,'2017-10-12 01:12:33'),(645,'2014-05-28',16,5,'2017-10-12 01:12:33'),(646,'2014-05-26',23,1,'2017-10-12 01:12:33'),(647,'2014-05-26',4,3,'2017-10-12 01:12:33'),(648,'2014-05-20',22,4,'2017-10-12 01:12:33'),(649,'2014-05-20',38,5,'2017-10-12 01:12:33'),(650,'2014-05-20',35,1,'2017-10-12 01:12:33'),(651,'2014-05-20',45,4,'2017-10-12 01:12:33'),(652,'2014-05-19',31,5,'2017-10-12 01:12:33'),(653,'2014-05-17',48,5,'2017-10-12 01:12:33'),(654,'2014-05-11',38,2,'2017-10-12 01:12:33'),(655,'2014-05-11',6,4,'2017-10-12 01:12:33'),(656,'2014-05-10',15,3,'2017-10-12 01:12:33'),(657,'2014-05-09',22,5,'2017-10-12 01:12:33'),(658,'2014-05-07',4,2,'2017-10-12 01:12:33'),(659,'2014-05-05',46,4,'2017-10-12 01:12:33'),(660,'2014-04-30',29,2,'2017-10-12 01:12:33'),(661,'2014-04-29',37,3,'2017-10-12 01:12:33'),(662,'2014-04-26',36,2,'2017-10-12 01:12:33'),(663,'2014-04-25',9,4,'2017-10-12 01:12:33'),(664,'2014-04-25',10,3,'2017-10-12 01:12:33'),(665,'2014-04-25',16,5,'2017-10-12 01:12:33'),(666,'2014-04-22',11,1,'2017-10-12 01:12:33'),(667,'2014-04-22',39,5,'2017-10-12 01:12:33'),(668,'2014-04-21',51,2,'2017-10-12 01:12:33'),(669,'2014-04-19',23,4,'2017-10-12 01:12:33'),(670,'2014-04-18',43,4,'2017-10-12 01:12:33'),(671,'2014-04-16',29,2,'2017-10-12 01:12:33'),(672,'2014-04-14',30,5,'2017-10-12 01:12:33'),(673,'2014-04-13',39,5,'2017-10-12 01:12:33'),(674,'2014-04-12',39,5,'2017-10-12 01:12:33'),(675,'2014-04-05',27,5,'2017-10-12 01:12:33'),(676,'2014-04-02',42,2,'2017-10-12 01:12:33'),(677,'2014-03-31',51,2,'2017-10-12 01:12:33'),(678,'2014-03-24',47,4,'2017-10-12 01:12:33'),(679,'2014-03-22',26,1,'2017-10-12 01:12:33'),(680,'2014-03-22',43,1,'2017-10-12 01:12:33'),(681,'2014-03-21',16,3,'2017-10-12 01:12:33'),(682,'2014-03-21',24,2,'2017-10-12 01:12:33'),(683,'2014-03-12',6,1,'2017-10-12 01:12:33'),(684,'2014-03-11',34,5,'2017-10-12 01:12:33'),(685,'2014-03-10',51,5,'2017-10-12 01:12:33'),(686,'2014-03-02',12,3,'2017-10-12 01:12:33'),(687,'2014-03-01',45,1,'2017-10-12 01:12:33'),(688,'2014-02-22',20,5,'2017-10-12 01:12:33'),(689,'2014-02-21',44,1,'2017-10-12 01:12:33'),(690,'2014-02-21',50,3,'2017-10-12 01:12:33'),(691,'2014-02-21',49,3,'2017-10-12 01:12:33'),(692,'2014-02-20',33,2,'2017-10-12 01:12:33'),(693,'2014-02-18',50,2,'2017-10-12 01:12:33'),(694,'2014-02-15',36,3,'2017-10-12 01:12:33'),(695,'2014-02-13',23,4,'2017-10-12 01:12:33'),(696,'2014-02-11',45,1,'2017-10-12 01:12:33'),(697,'2014-02-10',46,2,'2017-10-12 01:12:33'),(698,'2014-02-08',23,1,'2017-10-12 01:12:33'),(699,'2014-02-06',4,1,'2017-10-12 01:12:33'),(700,'2014-02-06',31,4,'2017-10-12 01:12:33'),(701,'2014-02-05',44,3,'2017-10-12 01:12:33'),(702,'2014-02-01',39,2,'2017-10-12 01:12:33'),(703,'2014-02-01',36,4,'2017-10-12 01:12:33'),(704,'2014-02-01',50,4,'2017-10-12 01:12:33'),(705,'2014-01-31',2,5,'2017-10-12 01:12:33'),(706,'2014-01-31',2,1,'2017-10-12 01:12:33'),(707,'2014-01-28',42,4,'2017-10-12 01:12:33'),(708,'2014-01-28',43,4,'2017-10-12 01:12:33'),(709,'2014-01-27',29,3,'2017-10-12 01:12:33'),(710,'2014-01-20',21,4,'2017-10-12 01:12:33'),(711,'2014-01-18',33,1,'2017-10-12 01:12:33'),(712,'2014-01-17',40,1,'2017-10-12 01:12:33'),(713,'2014-01-14',42,2,'2017-10-12 01:12:33'),(714,'2014-01-14',42,2,'2017-10-12 01:12:33'),(715,'2014-01-12',39,3,'2017-10-12 01:12:33'),(716,'2014-01-12',10,4,'2017-10-12 01:12:33'),(717,'2014-01-10',10,2,'2017-10-12 01:12:33'),(718,'2014-01-10',5,2,'2017-10-12 01:12:33'),(719,'2014-01-10',23,5,'2017-10-12 01:12:33'),(720,'2014-01-10',12,2,'2017-10-12 01:12:33'),(721,'2014-01-09',9,5,'2017-10-12 01:12:33'),(722,'2014-01-08',32,4,'2017-10-12 01:12:33'),(723,'2014-01-03',39,1,'2017-10-12 01:12:33'),(724,'2014-01-02',30,5,'2017-10-12 01:12:33'),(725,'2014-01-02',27,4,'2017-10-12 01:12:33'),(726,'2017-09-22',19,1,'2017-09-22 20:56:09'),(727,'2017-09-23',19,1,'2017-09-23 15:10:52'),(729,'2017-09-23',19,1,'2017-09-23 15:44:35'),(731,'2017-09-23',19,1,'2017-09-23 14:50:06'),(732,'2017-09-23',19,1,'2017-09-23 14:47:49'),(733,'2017-09-22',9,1,'2017-09-22 21:28:50'),(742,'2017-09-23',27,1,'2017-09-23 15:26:57'),(745,'2017-09-23',9,1,'2017-09-23 14:20:45'),(746,'2017-09-22',9,1,'2017-09-22 21:28:50'),(747,'2017-09-22',1,2,'2017-09-22 21:42:18'),(748,'2017-09-23',1,2,'2017-09-23 15:23:55'),(749,'2017-09-23',10,2,'2017-09-23 15:36:22'),(750,'2017-09-22',1,2,'2017-09-22 20:44:15'),(751,'2017-09-22',1,2,'2017-09-22 22:55:01'),(752,'2017-09-23',1,2,'2017-09-23 14:43:47'),(753,'2017-09-22',1,2,'2017-09-22 21:29:15'),(754,'2017-09-22',1,2,'2017-09-22 23:10:05'),(755,'2017-09-22',47,2,'2017-09-22 22:38:47'),(756,'2017-09-23',1,2,'2017-09-23 15:12:32'),(757,'2017-09-22',1,2,'2017-09-22 21:48:20'),(758,'2017-09-23',47,2,'2017-09-23 14:09:21'),(759,'2017-09-23',1,2,'2017-09-23 14:45:41'),(760,'2017-09-23',1,2,'2017-09-23 15:10:57'),(761,'2017-09-22',1,2,'2017-09-22 23:09:36'),(762,'2017-09-23',1,2,'2017-09-23 15:20:08'),(763,'2017-09-22',1,2,'2017-09-22 22:37:37'),(764,'2017-09-22',1,2,'2017-09-22 23:13:25'),(765,'2017-09-23',1,2,'2017-09-23 14:40:54'),(766,'2017-09-23',2,2,'2017-09-23 14:47:52'),(767,'2017-09-22',1,2,'2017-09-22 22:56:59'),(768,'2017-09-23',19,2,'2017-09-23 14:54:06'),(769,'2017-09-22',1,2,'2017-09-22 20:57:06'),(770,'2017-09-23',14,2,'2017-09-23 15:46:06'),(771,'2017-09-22',1,2,'2017-09-22 22:43:55'),(772,'2017-09-22',1,2,'2017-09-22 22:53:03'),(773,'2017-09-23',1,2,'2017-09-23 14:29:26'),(774,'2017-09-22',47,2,'2017-09-22 23:15:25'),(775,'2017-09-23',1,2,'2017-09-23 14:36:46'),(776,'2017-09-23',1,2,'2017-09-23 14:48:41'),(777,'2017-09-23',1,2,'2017-09-23 15:27:07'),(778,'2017-09-23',1,2,'2017-09-23 15:21:20'),(779,'2017-09-22',47,2,'2017-09-22 23:15:44'),(780,'2017-09-23',31,2,'2017-09-23 15:32:12'),(781,'2017-09-22',39,2,'2017-09-22 23:01:49'),(782,'2017-09-22',1,2,'2017-09-22 23:01:38'),(783,'2017-09-22',1,2,'2017-09-22 23:26:23'),(784,'2017-09-22',1,2,'2017-09-22 21:20:52'),(785,'2017-09-22',9,2,'2017-09-22 20:50:05'),(786,'2017-09-22',9,2,'2017-09-22 20:50:07'),(787,'2017-09-23',1,2,'2017-09-23 14:28:25'),(788,'2017-09-22',1,2,'2017-09-22 22:46:05'),(789,'2017-09-23',1,2,'2017-09-23 14:15:02'),(790,'2017-09-22',1,3,'2017-09-22 20:55:04'),(791,'2017-09-22',26,3,'2017-09-22 21:29:01'),(792,'2017-09-22',1,3,'2017-09-22 21:41:38'),(793,'2017-09-23',1,3,'2017-09-23 14:25:05'),(794,'2017-09-23',1,3,'2017-09-23 14:25:36'),(795,'2017-09-23',1,3,'2017-09-23 15:42:44'),(796,'2017-09-23',1,3,'2017-09-23 15:59:28'),(797,'2017-09-23',1,3,'2017-09-23 14:43:04'),(798,'2017-09-23',1,3,'2017-09-23 15:10:04'),(799,'2017-09-23',1,3,'2017-09-23 15:10:07'),(800,'2017-09-22',1,3,'2017-09-22 21:50:32'),(801,'2017-09-22',19,3,'2017-09-22 21:46:20'),(802,'2017-09-22',1,3,'2017-09-22 22:04:56'),(803,'2017-09-22',1,3,'2017-09-22 21:06:59'),(804,'2017-09-22',1,3,'2017-09-22 21:21:19'),(805,'2017-09-23',1,3,'2017-09-23 14:48:06'),(806,'2017-09-22',1,3,'2017-09-22 23:00:19'),(807,'2017-09-22',1,3,'2017-09-22 23:03:28'),(808,'2017-09-23',1,3,'2017-09-23 14:46:29'),(809,'2017-09-22',1,3,'2017-09-22 21:09:44'),(810,'2017-09-22',9,3,'2017-09-22 23:18:17'),(811,'2017-09-23',1,3,'2017-09-23 15:20:44'),(812,'2017-09-23',1,3,'2017-09-23 14:57:08'),(813,'2017-09-23',1,3,'2017-09-23 14:53:28'),(814,'2017-09-23',1,3,'2017-09-23 14:45:42'),(815,'2017-09-22',9,3,'2017-09-22 23:25:02'),(816,'2017-09-22',1,3,'2017-09-22 21:14:51'),(817,'2017-09-22',1,3,'2017-09-22 23:10:02'),(818,'2017-09-22',1,3,'2017-09-22 23:08:42'),(819,'2017-09-22',1,3,'2017-09-22 20:45:08'),(820,'2017-09-22',1,3,'2017-09-22 23:01:40'),(821,'2017-09-22',1,3,'2017-09-22 23:06:33'),(822,'2017-09-22',1,3,'2017-09-22 23:12:43'),(823,'2017-09-22',1,3,'2017-09-22 22:41:12'),(824,'2017-09-22',47,3,'2017-09-22 20:56:12'),(825,'2017-09-23',19,3,'2017-09-23 15:50:10'),(826,'2017-09-23',1,3,'2017-09-23 15:49:19'),(827,'2017-09-22',19,3,'2017-09-22 21:07:23'),(828,'2017-09-22',9,3,'2017-09-22 23:25:02'),(829,'2017-09-23',1,3,'2017-09-23 15:20:18'),(830,'2017-09-23',1,3,'2017-09-23 14:50:42'),(831,'2017-09-23',1,3,'2017-09-23 15:28:23'),(832,'2017-09-23',1,3,'2017-09-23 15:48:36'),(833,'2017-09-22',47,3,'2017-09-22 21:33:54'),(834,'2017-09-22',1,3,'2017-09-22 21:45:57'),(835,'2017-09-23',1,3,'2017-09-23 14:33:09'),(836,'2017-09-23',1,3,'2017-09-23 14:35:13'),(837,'2017-09-23',1,3,'2017-09-23 14:59:50'),(838,'2017-09-23',1,3,'2017-09-23 15:55:01'),(839,'2017-09-23',1,3,'2017-09-23 14:19:27'),(840,'2017-09-22',1,3,'2017-09-22 21:22:21'),(841,'2017-09-22',1,3,'2017-09-22 21:06:02'),(842,'2017-09-23',1,3,'2017-09-23 14:17:20'),(843,'2017-09-23',1,3,'2017-09-23 15:49:19'),(844,'2017-09-22',1,3,'2017-09-22 22:45:29'),(845,'2017-09-22',1,3,'2017-09-22 21:32:36'),(846,'2017-09-23',1,3,'2017-09-23 14:16:53'),(847,'2017-09-22',1,3,'2017-09-22 21:55:30'),(848,'2017-09-22',1,3,'2017-09-22 23:00:14'),(849,'2017-09-22',1,3,'2017-09-22 23:08:56'),(850,'2017-09-22',24,3,'2017-09-22 23:15:48'),(851,'2017-09-22',1,3,'2017-09-22 20:55:25'),(852,'2017-09-23',19,3,'2017-09-23 15:30:26'),(853,'2017-09-22',1,3,'2017-09-22 21:03:08'),(854,'2017-09-22',1,3,'2017-09-22 21:44:23'),(855,'2017-09-22',1,3,'2017-09-22 23:09:27'),(856,'2017-09-22',39,3,'2017-09-23 00:25:45'),(857,'2017-09-23',1,3,'2017-09-23 15:21:48'),(858,'2017-09-22',19,3,'2017-09-22 23:25:00'),(859,'2017-09-23',1,3,'2017-09-23 15:11:14'),(860,'2017-09-22',1,3,'2017-09-22 22:00:03'),(861,'2017-09-22',1,3,'2017-09-22 22:38:41'),(862,'2017-09-23',1,3,'2017-09-23 15:50:11'),(863,'2017-09-22',19,3,'2017-09-22 23:15:13'),(864,'2017-09-23',1,3,'2017-09-23 14:14:30'),(865,'2017-09-23',39,3,'2017-09-23 14:16:19'),(866,'2017-09-23',9,3,'2017-09-23 14:20:45'),(867,'2017-09-23',1,3,'2017-09-23 14:10:25'),(868,'2017-09-23',1,3,'2017-09-23 14:12:44'),(869,'2017-09-23',1,3,'2017-09-23 14:18:37'),(870,'2017-09-23',1,3,'2017-09-23 14:20:35'),(871,'2017-09-23',1,3,'2017-09-23 14:23:12'),(872,'2017-09-22',1,3,'2017-09-22 21:30:53'),(873,'2017-09-23',1,3,'2017-09-23 14:15:26'),(874,'2017-09-22',24,3,'2017-09-22 23:10:46'),(875,'2017-09-23',1,3,'2017-09-23 14:41:20'),(876,'2017-09-22',1,3,'2017-09-22 21:21:52'),(877,'2017-09-22',1,3,'2017-09-22 23:10:06'),(878,'2017-09-22',1,3,'2017-09-22 21:06:04'),(879,'2017-09-23',1,3,'2017-09-23 14:41:21'),(880,'2017-09-23',47,3,'2017-09-23 16:02:56'),(881,'2017-09-22',1,3,'2017-09-22 21:40:02'),(882,'2017-09-23',47,3,'2017-09-23 14:58:21'),(883,'2017-09-23',1,3,'2017-09-23 15:21:44'),(884,'2017-09-23',1,3,'2017-09-23 15:22:19'),(885,'2017-09-22',1,3,'2017-09-22 21:21:52'),(886,'2017-09-22',1,3,'2017-09-22 23:10:06'),(887,'2017-09-22',1,3,'2017-09-22 21:06:04'),(888,'2017-09-23',1,3,'2017-09-23 14:41:21'),(889,'2017-09-23',47,3,'2017-09-23 16:02:56'),(890,'2017-09-22',1,3,'2017-09-22 21:40:02'),(891,'2017-09-23',47,3,'2017-09-23 14:58:21'),(892,'2017-09-23',1,3,'2017-09-23 15:21:44'),(893,'2017-09-23',1,3,'2017-09-23 15:22:19'),(894,'2017-09-23',1,3,'2017-09-23 15:46:09'),(895,'2017-09-22',10,3,'2017-09-22 22:39:17'),(896,'2017-09-22',1,3,'2017-09-22 21:43:47'),(897,'2017-09-22',10,3,'2017-09-22 22:40:39'),(898,'2017-09-22',1,3,'2017-09-22 20:45:28'),(899,'2017-09-23',1,3,'2017-09-23 15:14:09'),(900,'2017-09-23',1,3,'2017-09-23 15:27:17'),(901,'2017-09-22',10,3,'2017-09-22 21:21:56'),(902,'2017-09-22',1,3,'2017-09-22 23:11:38'),(903,'2017-09-23',1,3,'2017-09-23 15:58:50'),(904,'2017-09-22',1,3,'2017-09-22 20:45:08'),(905,'2017-09-22',1,3,'2017-09-22 20:57:44'),(906,'2017-09-22',1,3,'2017-09-22 22:36:49'),(907,'2017-09-23',1,3,'2017-09-23 14:50:06'),(908,'2017-09-22',1,3,'2017-09-22 23:16:12'),(909,'2017-09-23',47,3,'2017-09-23 16:02:55'),(910,'2017-09-22',39,3,'2017-09-22 23:16:25'),(911,'2017-09-23',19,3,'2017-09-23 15:27:09'),(912,'2017-09-22',1,3,'2017-09-22 21:55:10'),(913,'2017-09-23',19,3,'2017-09-23 14:25:04'),(914,'2017-09-23',1,3,'2017-09-23 14:24:14'),(915,'2017-09-23',47,3,'2017-09-23 16:03:19'),(916,'2017-09-22',47,3,'2017-09-22 22:48:49'),(917,'2017-09-23',1,3,'2017-09-23 14:56:39'),(918,'2017-09-23',1,3,'2017-09-23 15:18:27'),(919,'2017-09-23',1,3,'2017-09-23 16:04:08'),(920,'2017-09-22',1,3,'2017-09-22 21:34:42'),(921,'2017-09-22',7,3,'2017-09-22 23:21:13'),(922,'2017-09-23',1,3,'2017-09-23 14:17:50'),(923,'2017-09-23',1,3,'2017-09-23 15:53:53'),(924,'2017-09-22',1,3,'2017-09-22 20:44:29'),(925,'2017-09-22',1,3,'2017-09-22 20:49:40'),(926,'2017-09-22',1,3,'2017-09-22 21:12:03'),(927,'2017-09-22',1,3,'2017-09-22 21:14:12'),(928,'2017-09-22',1,3,'2017-09-22 23:05:34'),(929,'2017-09-23',1,3,'2017-09-23 14:55:25'),(930,'2017-09-22',1,3,'2017-09-22 20:43:14'),(931,'2017-09-22',1,3,'2017-09-22 21:11:07'),(932,'2017-09-22',1,3,'2017-09-22 23:05:23'),(933,'2017-09-22',1,3,'2017-09-22 23:26:19'),(934,'2017-09-22',1,3,'2017-09-23 00:26:08'),(935,'2017-09-22',1,3,'2017-09-22 21:13:44'),(936,'2017-09-22',1,3,'2017-09-22 21:23:40'),(937,'2017-09-22',1,3,'2017-09-22 21:45:26'),(938,'2017-09-22',1,3,'2017-09-22 22:40:48'),(939,'2017-09-22',5,3,'2017-09-22 23:15:42'),(940,'2017-09-23',1,3,'2017-09-23 14:09:10'),(941,'2017-09-23',47,3,'2017-09-23 14:21:11'),(942,'2017-09-23',1,3,'2017-09-23 14:54:13'),(943,'2017-09-23',19,3,'2017-09-23 14:54:51'),(944,'2017-09-22',1,3,'2017-09-22 21:18:10'),(945,'2017-09-22',1,3,'2017-09-22 21:23:48'),(946,'2017-09-23',1,3,'2017-09-23 15:47:08'),(947,'2017-09-22',1,3,'2017-09-22 21:01:09'),(948,'2017-09-22',1,3,'2017-09-22 21:37:28'),(949,'2017-09-23',1,3,'2017-09-23 14:27:21'),(950,'2017-09-23',1,3,'2017-09-23 14:31:13'),(951,'2017-09-23',1,3,'2017-09-23 15:14:18'),(952,'2017-09-23',47,3,'2017-09-23 15:15:21'),(953,'2017-09-23',1,3,'2017-09-23 15:25:15'),(954,'2017-09-23',1,3,'2017-09-23 16:00:04'),(955,'2017-09-22',1,3,'2017-09-22 20:59:29'),(956,'2017-09-22',1,3,'2017-09-22 21:05:02'),(957,'2017-09-22',1,3,'2017-09-22 21:12:44'),(958,'2017-09-22',1,3,'2017-09-22 21:40:02'),(959,'2017-09-22',1,3,'2017-09-22 21:48:06'),(960,'2017-09-22',1,3,'2017-09-22 20:56:50'),(961,'2017-09-22',1,3,'2017-09-22 21:45:02'),(962,'2017-09-22',1,3,'2017-09-22 22:04:17'),(963,'2017-09-23',47,3,'2017-09-23 14:25:47'),(964,'2017-09-23',1,3,'2017-09-23 15:30:13'),(965,'2017-09-23',1,3,'2017-09-23 15:12:13'),(966,'2017-09-22',1,3,'2017-09-22 22:48:59'),(967,'2017-09-22',39,3,'2017-09-22 23:16:25'),(968,'2017-09-23',19,3,'2017-09-23 15:27:09'),(969,'2017-09-22',1,3,'2017-09-22 21:55:10'),(970,'2017-09-23',19,3,'2017-09-23 14:25:04'),(971,'2017-09-23',1,3,'2017-09-23 14:24:14'),(972,'2017-09-23',47,3,'2017-09-23 16:03:19'),(973,'2017-09-22',47,3,'2017-09-22 22:48:49'),(974,'2017-09-23',1,3,'2017-09-23 14:56:39'),(975,'2017-09-23',1,3,'2017-09-23 15:18:27'),(976,'2017-09-23',1,3,'2017-09-23 16:04:08'),(977,'2017-09-22',1,3,'2017-09-22 21:34:42'),(978,'2017-09-22',7,3,'2017-09-22 23:21:13'),(979,'2017-09-23',1,3,'2017-09-23 14:17:50'),(980,'2017-09-23',1,3,'2017-09-23 15:53:53'),(981,'2017-09-22',1,3,'2017-09-22 20:44:29'),(982,'2017-09-22',1,3,'2017-09-22 20:49:40'),(983,'2017-09-22',1,3,'2017-09-22 21:12:03'),(984,'2017-09-22',1,3,'2017-09-22 21:14:12'),(985,'2017-09-22',1,3,'2017-09-22 23:05:34'),(986,'2017-09-23',1,3,'2017-09-23 14:55:25'),(987,'2017-09-22',1,3,'2017-09-22 20:43:14'),(988,'2017-09-22',1,3,'2017-09-22 21:11:07'),(989,'2017-09-22',1,3,'2017-09-22 23:05:23'),(990,'2017-09-22',1,3,'2017-09-22 23:26:19'),(991,'2017-09-22',1,3,'2017-09-23 00:26:08'),(992,'2017-09-22',1,3,'2017-09-22 21:13:44'),(993,'2017-09-22',1,3,'2017-09-22 21:23:40'),(994,'2017-09-22',1,3,'2017-09-22 21:45:26'),(995,'2017-09-22',1,3,'2017-09-22 22:40:48'),(996,'2017-09-22',5,3,'2017-09-22 23:15:42'),(997,'2017-09-23',1,3,'2017-09-23 14:09:10'),(998,'2017-09-23',47,3,'2017-09-23 14:21:11'),(999,'2017-09-23',1,3,'2017-09-23 14:54:13'),(1000,'2017-09-23',19,3,'2017-09-23 14:54:51'),(1001,'2017-09-22',1,3,'2017-09-22 21:18:10'),(1002,'2017-09-22',1,3,'2017-09-22 21:23:48'),(1003,'2017-09-23',1,3,'2017-09-23 15:47:08'),(1004,'2017-09-22',1,3,'2017-09-22 21:01:09'),(1005,'2017-09-22',1,3,'2017-09-22 21:37:28'),(1006,'2017-09-23',1,3,'2017-09-23 14:27:21'),(1007,'2017-09-23',1,3,'2017-09-23 14:31:13'),(1008,'2017-09-23',1,3,'2017-09-23 15:14:18'),(1009,'2017-09-23',47,3,'2017-09-23 15:15:21'),(1010,'2017-09-23',1,3,'2017-09-23 15:25:15'),(1011,'2017-09-23',1,3,'2017-09-23 16:00:04'),(1012,'2017-09-22',1,3,'2017-09-22 20:59:29'),(1013,'2017-09-22',1,3,'2017-09-22 21:05:02'),(1014,'2017-09-22',1,3,'2017-09-22 21:12:44'),(1015,'2017-09-22',1,3,'2017-09-22 21:40:02'),(1016,'2017-09-22',1,3,'2017-09-22 21:48:06'),(1017,'2017-09-22',1,3,'2017-09-22 20:56:50'),(1018,'2017-09-22',1,3,'2017-09-22 21:45:02'),(1019,'2017-09-22',1,3,'2017-09-22 22:04:17'),(1020,'2017-09-23',47,3,'2017-09-23 14:25:47'),(1021,'2017-09-23',1,3,'2017-09-23 15:30:13'),(1022,'2017-09-23',1,3,'2017-09-23 15:12:13'),(1023,'2017-09-22',1,3,'2017-09-22 22:48:59'),(1024,'2017-09-22',1,3,'2017-09-22 22:44:22'),(1025,'2017-09-23',1,3,'2017-09-23 14:29:35'),(1026,'2017-09-22',1,3,'2017-09-22 20:58:32'),(1027,'2017-09-22',1,3,'2017-09-22 21:26:50'),(1028,'2017-09-22',1,3,'2017-09-22 23:02:55'),(1029,'2017-09-22',1,3,'2017-09-22 21:29:53'),(1030,'2017-09-23',1,3,'2017-09-23 14:35:46'),(1031,'2017-09-22',1,3,'2017-09-22 20:57:15'),(1032,'2017-09-22',1,3,'2017-09-22 22:43:09'),(1033,'2017-09-23',1,3,'2017-09-23 15:11:10'),(1034,'2017-09-22',1,3,'2017-09-22 21:20:36'),(1035,'2017-09-23',1,3,'2017-09-23 14:16:03'),(1036,'2017-09-23',14,3,'2017-09-23 14:39:34'),(1037,'2017-09-22',7,3,'2017-09-22 21:08:10'),(1038,'2017-09-23',1,3,'2017-09-23 15:36:59'),(1039,'2017-09-22',1,3,'2017-09-22 21:32:45'),(1040,'2017-09-22',1,3,'2017-09-22 21:21:26'),(1041,'2017-09-22',1,3,'2017-09-22 21:34:08'),(1042,'2017-09-23',1,3,'2017-09-23 15:14:57'),(1043,'2017-09-22',1,3,'2017-09-22 21:22:20'),(1044,'2017-09-22',1,3,'2017-09-22 21:12:47'),(1045,'2017-09-22',19,4,'2017-09-22 23:09:03'),(1046,'2017-09-23',1,4,'2017-09-23 15:28:04'),(1047,'2017-09-22',1,4,'2017-09-22 23:00:11'),(1048,'2017-09-23',19,4,'2017-09-23 14:39:06'),(1049,'2017-09-22',1,4,'2017-09-22 22:57:17'),(1050,'2017-09-23',1,4,'2017-09-23 14:50:02'),(1051,'2017-09-23',1,4,'2017-09-23 15:14:44'),(1052,'2017-09-22',19,4,'2017-09-22 20:55:51'),(1053,'2017-09-23',1,4,'2017-09-23 15:29:43'),(1054,'2017-09-22',10,4,'2017-09-22 22:44:24'),(1055,'2017-09-22',1,4,'2017-09-22 23:22:19'),(1056,'2017-09-22',1,4,'2017-09-22 21:17:52'),(1057,'2017-09-22',1,4,'2017-09-22 23:06:36'),(1058,'2017-09-22',1,4,'2017-09-22 23:09:49'),(1059,'2017-09-23',47,4,'2017-09-23 14:16:32'),(1060,'2017-09-23',1,4,'2017-09-23 14:56:53'),(1061,'2017-09-23',2,4,'2017-09-23 15:15:09'),(1062,'2017-09-23',19,4,'2017-09-23 16:04:22'),(1063,'2017-09-23',47,4,'2017-09-23 14:29:10'),(1064,'2017-09-22',1,4,'2017-09-22 20:58:13'),(1065,'2017-09-23',47,4,'2017-09-23 15:33:19'),(1066,'2017-09-23',47,4,'2017-09-23 16:02:57'),(1067,'2017-09-22',1,4,'2017-09-22 21:12:14'),(1068,'2017-09-23',1,4,'2017-09-23 14:11:31'),(1069,'2017-09-23',1,4,'2017-09-23 14:31:13'),(1070,'2017-09-22',19,4,'2017-09-22 21:00:28'),(1071,'2017-09-22',1,4,'2017-09-22 22:04:17'),(1072,'2017-09-23',47,4,'2017-09-23 15:28:03'),(1073,'2017-09-23',47,4,'2017-09-23 14:20:27'),(1074,'2017-09-22',9,4,'2017-09-22 20:46:10'),(1075,'2017-09-22',1,4,'2017-09-22 21:51:05'),(1076,'2017-09-22',19,4,'2017-09-22 21:54:25'),(1077,'2017-09-22',26,4,'2017-09-22 21:09:16'),(1078,'2017-09-23',1,4,'2017-09-23 15:16:15'),(1079,'2017-09-23',1,4,'2017-09-23 15:52:58'),(1080,'2017-09-23',1,4,'2017-09-23 16:00:11'),(1081,'2017-09-23',19,4,'2017-09-23 14:19:20'),(1082,'2017-09-23',1,4,'2017-09-23 15:17:48'),(1083,'2017-09-22',1,4,'2017-09-22 23:24:32'),(1084,'2017-09-23',33,4,'2017-09-23 14:53:04'),(1085,'2017-09-23',1,4,'2017-09-23 16:00:53'),(1086,'2017-09-22',9,4,'2017-09-22 21:04:32'),(1087,'2017-09-23',1,4,'2017-09-23 15:55:07'),(1088,'2017-09-22',1,4,'2017-09-22 21:22:41'),(1089,'2017-09-22',1,4,'2017-09-22 23:01:04'),(1090,'2017-09-22',19,4,'2017-09-22 21:23:31'),(1091,'2017-09-22',1,4,'2017-09-22 22:58:07'),(1092,'2017-09-22',47,4,'2017-09-22 23:05:12'),(1093,'2017-09-23',1,4,'2017-09-23 14:46:35'),(1094,'2017-09-23',43,4,'2017-09-23 15:27:30'),(1095,'2017-09-22',34,4,'2017-09-22 23:09:04'),(1096,'2017-09-23',1,4,'2017-09-23 15:12:49'),(1097,'2017-09-23',1,4,'2017-09-23 14:43:37'),(1098,'2017-09-23',1,4,'2017-09-23 14:57:03'),(1099,'2017-09-23',1,4,'2017-09-23 14:58:06'),(1100,'2017-09-22',1,4,'2017-09-22 22:02:56'),(1101,'2017-09-22',1,4,'2017-09-22 23:11:21'),(1102,'2017-09-23',1,4,'2017-09-23 15:19:53'),(1103,'2017-09-22',1,4,'2017-09-22 21:15:26'),(1104,'2017-09-22',1,4,'2017-09-22 22:40:08'),(1105,'2017-09-23',1,4,'2017-09-23 15:20:39'),(1106,'2017-09-22',1,4,'2017-09-22 22:57:33'),(1107,'2017-09-23',1,4,'2017-09-23 15:12:13'),(1108,'2017-09-22',19,4,'2017-09-22 21:36:22'),(1109,'2017-09-22',1,4,'2017-09-23 00:25:46'),(1110,'2017-09-22',19,4,'2017-09-22 21:36:03'),(1111,'2017-09-22',19,4,'2017-09-22 22:44:42'),(1112,'2017-09-22',1,4,'2017-09-22 22:04:56'),(1113,'2017-09-22',1,4,'2017-09-22 23:07:30'),(1114,'2017-09-23',1,4,'2017-09-23 16:03:55'),(1115,'2017-09-23',1,4,'2017-09-23 15:47:08'),(1116,'2017-09-23',1,4,'2017-09-23 14:53:55'),(1117,'2017-09-23',1,4,'2017-09-23 15:11:12'),(1118,'2017-09-23',1,4,'2017-09-23 15:31:46'),(1119,'2017-09-23',19,4,'2017-09-23 15:46:30'),(1120,'2017-09-23',1,4,'2017-09-23 14:12:35'),(1121,'2017-09-22',21,4,'2017-09-22 21:49:30'),(1122,'2017-09-22',1,4,'2017-09-22 21:44:44'),(1123,'2017-09-23',1,4,'2017-09-23 16:00:53'),(1124,'2017-09-23',1,4,'2017-09-23 14:50:34'),(1125,'2017-09-23',1,4,'2017-09-23 15:42:35'),(1126,'2017-09-23',1,4,'2017-09-23 15:47:11'),(1127,'2017-09-22',1,5,'2017-09-22 21:32:00'),(1128,'2017-09-22',1,5,'2017-09-22 20:57:44'),(1129,'2017-09-22',1,5,'2017-09-22 21:40:27'),(1130,'2017-09-23',1,5,'2017-09-23 15:23:35'),(1131,'2017-09-23',1,5,'2017-09-23 14:13:47'),(1132,'2017-09-22',1,5,'2017-09-22 23:10:11'),(1133,'2017-09-23',1,5,'2017-09-23 14:31:14'),(1134,'2017-09-23',43,5,'2017-09-23 14:53:12'),(1135,'2017-09-22',1,5,'2017-09-22 21:41:49'),(1136,'2017-09-23',1,5,'2017-09-23 14:56:45'),(1137,'2017-09-22',1,5,'2017-09-22 22:48:59'),(1138,'2017-09-22',1,5,'2017-09-22 21:32:00'),(1139,'2017-09-22',1,5,'2017-09-22 20:57:44'),(1140,'2017-09-22',1,5,'2017-09-22 21:40:27'),(1141,'2017-09-23',1,5,'2017-09-23 15:23:35'),(1142,'2017-09-23',1,5,'2017-09-23 14:13:47'),(1143,'2017-09-22',1,5,'2017-09-22 23:10:11'),(1144,'2017-09-23',1,5,'2017-09-23 14:31:14'),(1145,'2017-09-23',43,5,'2017-09-23 14:53:12'),(1146,'2017-09-22',1,5,'2017-09-22 21:41:49'),(1147,'2017-09-23',1,5,'2017-09-23 14:56:45'),(1148,'2017-09-22',1,5,'2017-09-22 22:48:59'),(1149,'2017-09-22',1,5,'2017-09-22 22:04:56'),(1150,'2017-10-6',1,1,'2017-10-06 23:00:29'),(1151,'2017-10-6',1,1,'2017-10-06 22:27:05'),(1152,'2017-10-6',1,1,'2017-10-06 22:43:45'),(1153,'2017-10-6',1,1,'2017-10-06 03:21:16'),(1154,'2017-10-6',1,1,'2017-10-06 03:28:27'),(1155,'2017-10-6',1,1,'2017-10-06 03:19:39'),(1156,'2017-10-6',1,2,'2017-10-06 03:30:01'),(1157,'2017-10-6',1,2,'2017-10-06 03:34:16'),(1158,'2017-10-6',1,2,'2017-10-06 03:25:34'),(1159,'2017-10-6',1,2,'2017-10-06 03:31:19'),(1160,'2017-10-5',1,2,'2017-10-06 02:58:53'),(1161,'2017-10-6',1,2,'2017-10-06 22:54:44'),(1162,'2017-10-6',1,2,'2017-10-06 22:17:10'),(1163,'2017-10-5',1,2,'2017-10-06 02:57:49'),(1164,'2017-10-6',1,2,'2017-10-06 03:40:28'),(1165,'2017-10-5',1,3,'2017-10-06 02:49:58'),(1166,'2017-10-6',1,3,'2017-10-06 22:59:37'),(1167,'2017-10-6',1,3,'2017-10-06 03:56:05'),(1168,'2017-10-6',1,3,'2017-10-06 03:07:32'),(1169,'2017-10-6',1,3,'2017-10-06 23:00:21'),(1170,'2017-10-6',1,3,'2017-10-06 22:22:00'),(1171,'2017-10-6',1,3,'2017-10-06 03:07:32'),(1172,'2017-10-6',1,3,'2017-10-06 22:32:07'),(1173,'2017-10-5',1,3,'2017-10-06 02:57:12'),(1174,'2017-10-5',1,3,'2017-10-06 02:57:12'),(1175,'2017-10-5',1,3,'2017-10-06 02:46:48'),(1176,'2017-10-6',1,3,'2017-10-06 03:33:42'),(1177,'2017-10-6',1,3,'2017-10-06 03:33:42'),(1178,'2017-10-6',16,3,'2017-10-06 03:49:43'),(1179,'2017-10-5',1,3,'2017-10-06 02:50:30'),(1180,'2017-10-6',1,4,'2017-10-06 03:03:33'),(1181,'2017-10-6',1,4,'2017-10-06 03:02:40'),(1182,'2017-10-6',10,4,'2017-10-06 22:42:01'),(1183,'2017-10-6',1,4,'2017-10-06 22:45:10'),(1184,'2017-10-6',1,4,'2017-10-06 03:28:45'),(1185,'2017-10-6',1,4,'2017-10-06 03:32:11'),(1186,'2017-10-6',1,4,'2017-10-06 22:06:12'),(1187,'2017-10-6',1,4,'2017-10-06 22:40:40'),(1188,'2017-10-6',1,4,'2017-10-06 03:20:46'),(1189,'2017-10-6',1,5,'2017-10-06 22:34:03'),(1190,'2017-10-6',1,5,'2017-10-06 22:34:03'),(1191,'2017-10-6',1,5,'2017-10-06 03:17:43'),(1192,'2017-10-6',1,1,'2017-10-06 23:55:51'),(1193,'2017-10-6',27,1,'2017-10-06 23:50:15'),(1194,'2017-10-6',1,1,'2017-10-06 23:55:10'),(1195,'2017-10-6',1,1,'2017-10-06 23:00:29'),(1196,'2017-10-6',9,1,'2017-10-06 22:36:30'),(1197,'2017-10-6',1,1,'2017-10-06 03:12:10'),(1198,'2017-10-6',1,1,'2017-10-06 03:27:05'),(1199,'2017-10-6',1,1,'2017-10-06 03:40:40'),(1200,'2017-10-6',1,1,'2017-10-06 22:53:53'),(1201,'2017-10-6',1,1,'2017-10-06 03:03:08'),(1202,'2017-10-6',1,1,'2017-10-06 03:50:27'),(1203,'2017-10-6',1,1,'2017-10-06 22:43:45'),(1204,'2017-10-6',1,1,'2017-10-06 03:25:43'),(1205,'2017-10-6',1,1,'2017-10-06 03:52:10'),(1206,'2017-10-6',1,1,'2017-10-06 23:03:42'),(1207,'2017-10-6',1,1,'2017-10-06 03:15:35'),(1208,'2017-10-6',1,1,'2017-10-06 03:16:52'),(1209,'2017-10-6',1,1,'2017-10-06 03:17:23'),(1210,'2017-10-6',1,1,'2017-10-06 03:17:33'),(1211,'2017-10-6',1,1,'2017-10-06 03:19:16'),(1212,'2017-10-6',1,1,'2017-10-06 03:25:30'),(1213,'2017-10-6',1,1,'2017-10-06 03:49:05'),(1214,'2017-10-6',1,1,'2017-10-06 04:00:21'),(1215,'2017-10-6',1,1,'2017-10-06 22:46:47'),(1216,'2017-10-6',1,1,'2017-10-06 03:20:33'),(1217,'2017-10-6',1,1,'2017-10-06 03:25:33'),(1218,'2017-10-6',1,1,'2017-10-06 03:27:29'),(1219,'2017-10-6',1,1,'2017-10-06 22:06:17'),(1220,'2017-10-6',1,1,'2017-10-06 22:28:16'),(1221,'2017-10-6',1,1,'2017-10-06 22:37:55'),(1222,'2017-10-5',1,1,'2017-10-06 02:44:10'),(1223,'2017-10-6',1,1,'2017-10-06 03:15:43'),(1224,'2017-10-6',1,1,'2017-10-06 03:21:51'),(1225,'2017-10-6',1,1,'2017-10-06 03:16:29'),(1226,'2017-10-6',1,1,'2017-10-06 03:18:38'),(1227,'2017-10-6',1,1,'2017-10-06 03:26:22'),(1228,'2017-10-6',1,1,'2017-10-06 03:42:02'),(1229,'2017-10-6',1,1,'2017-10-06 03:26:02'),(1230,'2017-10-6',1,1,'2017-10-06 22:27:05'),(1231,'2017-10-6',1,1,'2017-10-06 22:43:45'),(1232,'2017-10-6',1,1,'2017-10-06 03:13:18'),(1233,'2017-10-6',1,1,'2017-10-06 03:16:45'),(1234,'2017-10-6',1,1,'2017-10-06 23:54:36'),(1235,'2017-10-6',1,1,'2017-10-06 23:56:05'),(1236,'2017-10-6',11,1,'2017-10-06 03:15:17'),(1237,'2017-10-6',1,1,'2017-10-06 03:23:29'),(1238,'2017-10-6',1,1,'2017-10-06 03:21:16'),(1239,'2017-10-6',1,1,'2017-10-06 22:55:17'),(1240,'2017-10-6',1,1,'2017-10-06 23:01:29'),(1241,'2017-10-5',1,1,'2017-10-06 02:58:25'),(1242,'2017-10-6',33,1,'2017-10-06 22:49:20'),(1243,'2017-10-6',1,1,'2017-10-06 03:13:18'),(1244,'2017-10-6',1,1,'2017-10-06 03:28:27'),(1245,'2017-10-6',1,1,'2017-10-06 03:36:03'),(1246,'2017-10-6',1,1,'2017-10-06 03:24:10'),(1247,'2017-10-6',1,1,'2017-10-06 03:44:47'),(1248,'2017-10-6',31,1,'2017-10-06 03:51:04'),(1249,'2017-10-6',1,1,'2017-10-06 03:52:43'),(1250,'2017-10-6',1,1,'2017-10-06 04:00:37'),(1251,'2017-10-6',1,1,'2017-10-06 03:57:41'),(1252,'2017-10-6',1,1,'2017-10-06 03:14:10'),(1253,'2017-10-6',1,1,'2017-10-06 03:18:22'),(1254,'2017-10-6',1,1,'2017-10-06 03:40:31'),(1255,'2017-10-6',1,1,'2017-10-06 03:13:38'),(1256,'2017-10-6',1,1,'2017-10-06 03:23:59'),(1257,'2017-10-6',1,1,'2017-10-06 03:29:53'),(1258,'2017-10-6',1,1,'2017-10-06 03:58:08'),(1259,'2017-10-6',1,1,'2017-10-06 03:59:05'),(1260,'2017-10-6',1,1,'2017-10-06 03:14:59'),(1261,'2017-10-6',9,1,'2017-10-06 03:16:20'),(1262,'2017-10-6',1,1,'2017-10-06 03:19:58'),(1263,'2017-10-6',1,1,'2017-10-06 03:31:10'),(1264,'2017-10-6',1,1,'2017-10-06 03:35:59'),(1265,'2017-10-6',1,1,'2017-10-06 03:45:37'),(1266,'2017-10-6',1,1,'2017-10-06 03:57:02'),(1267,'2017-10-6',1,1,'2017-10-06 03:17:07'),(1268,'2017-10-6',1,1,'2017-10-06 03:19:44'),(1269,'2017-10-6',1,1,'2017-10-06 03:38:40'),(1270,'2017-10-6',1,1,'2017-10-06 03:20:18'),(1271,'2017-10-6',1,1,'2017-10-06 03:21:43'),(1272,'2017-10-6',1,1,'2017-10-06 03:27:58'),(1273,'2017-10-6',1,1,'2017-10-06 03:32:24'),(1274,'2017-10-6',1,1,'2017-10-06 03:41:29'),(1275,'2017-10-6',1,1,'2017-10-06 03:54:35'),(1276,'2017-10-6',1,1,'2017-10-06 03:45:16'),(1277,'2017-10-6',1,1,'2017-10-06 03:19:05'),(1278,'2017-10-6',1,1,'2017-10-06 03:25:21'),(1279,'2017-10-6',1,1,'2017-10-06 03:27:23'),(1280,'2017-10-6',9,1,'2017-10-06 03:32:12'),(1281,'2017-10-6',1,1,'2017-10-06 03:37:36'),(1282,'2017-10-6',1,1,'2017-10-06 03:15:17'),(1283,'2017-10-6',1,1,'2017-10-06 03:26:55'),(1284,'2017-10-6',1,1,'2017-10-06 03:33:20'),(1285,'2017-10-6',1,1,'2017-10-06 03:15:18'),(1286,'2017-10-6',1,1,'2017-10-06 03:26:22'),(1287,'2017-10-6',1,1,'2017-10-06 03:19:39'),(1288,'2017-10-5',1,1,'2017-10-06 02:54:33'),(1289,'2017-10-6',1,1,'2017-10-06 22:25:32'),(1290,'2017-10-6',1,1,'2017-10-06 03:17:31'),(1291,'2017-10-6',1,1,'2017-10-06 03:20:18'),(1292,'2017-10-6',1,1,'2017-10-06 03:26:32'),(1293,'2017-10-6',1,1,'2017-10-06 03:27:31'),(1294,'2017-10-5',1,1,'2017-10-06 02:52:38'),(1295,'2017-10-6',1,2,'2017-10-06 03:30:01'),(1296,'2017-10-6',26,2,'2017-10-06 03:03:10'),(1297,'2017-10-6',1,2,'2017-10-06 03:35:03'),(1298,'2017-10-5',9,2,'2017-10-06 02:47:43'),(1299,'2017-10-6',1,2,'2017-10-06 03:03:19'),(1300,'2017-10-6',1,2,'2017-10-06 03:13:44'),(1301,'2017-10-6',1,2,'2017-10-06 03:51:18'),(1302,'2017-10-6',1,2,'2017-10-06 03:51:33'),(1303,'2017-10-6',1,2,'2017-10-06 22:51:26'),(1304,'2017-10-6',10,2,'2017-10-06 03:03:00'),(1305,'2017-10-6',1,2,'2017-10-06 03:03:09'),(1306,'2017-10-6',1,2,'2017-10-06 04:02:19'),(1307,'2017-10-6',1,2,'2017-10-06 22:50:15'),(1308,'2017-10-6',1,2,'2017-10-06 23:08:17'),(1309,'2017-10-6',1,2,'2017-10-06 23:47:49'),(1310,'2017-10-5',1,2,'2017-10-06 02:54:32'),(1311,'2017-10-6',1,2,'2017-10-06 23:50:54'),(1312,'2017-10-6',1,2,'2017-10-06 22:00:49'),(1313,'2017-10-6',1,2,'2017-10-06 03:11:23'),(1314,'2017-10-6',1,2,'2017-10-06 22:32:28'),(1315,'2017-10-6',1,2,'2017-10-06 23:56:22'),(1316,'2017-10-6',1,2,'2017-10-06 03:28:31'),(1317,'2017-10-6',1,2,'2017-10-06 22:53:11'),(1318,'2017-10-6',1,2,'2017-10-06 03:38:57'),(1319,'2017-10-6',5,2,'2017-10-06 22:00:26'),(1320,'2017-10-6',1,2,'2017-10-06 03:34:16'),(1321,'2017-10-6',1,2,'2017-10-06 22:02:15'),(1322,'2017-10-6',1,2,'2017-10-06 22:44:28'),(1323,'2017-10-6',1,2,'2017-10-06 22:59:38'),(1324,'2017-10-6',1,2,'2017-10-06 23:00:26'),(1325,'2017-10-6',1,2,'2017-10-06 23:01:58'),(1326,'2017-10-6',1,2,'2017-10-06 22:48:30'),(1327,'2017-10-5',1,2,'2017-10-06 02:54:58'),(1328,'2017-10-6',1,2,'2017-10-06 22:51:17'),(1329,'2017-10-6',1,2,'2017-10-06 23:49:14'),(1330,'2017-10-6',43,2,'2017-10-06 23:50:34'),(1331,'2017-10-6',1,2,'2017-10-06 22:15:32'),(1332,'2017-10-6',1,2,'2017-10-06 22:00:53'),(1333,'2017-10-6',1,2,'2017-10-06 03:59:17'),(1334,'2017-10-6',1,2,'2017-10-06 03:25:34'),(1335,'2017-10-6',1,2,'2017-10-06 03:38:57'),(1336,'2017-10-6',1,2,'2017-10-06 03:31:19'),(1337,'2017-10-6',1,2,'2017-10-06 22:00:49'),(1338,'2017-10-6',1,2,'2017-10-06 03:51:26'),(1339,'2017-10-6',1,2,'2017-10-06 03:28:31'),(1340,'2017-10-5',1,2,'2017-10-06 02:58:53'),(1341,'2017-10-6',1,2,'2017-10-06 03:10:14'),(1342,'2017-10-6',1,2,'2017-10-06 22:54:44'),(1343,'2017-10-6',1,2,'2017-10-06 22:17:10'),(1344,'2017-10-6',1,2,'2017-10-06 22:00:53'),(1345,'2017-10-5',1,2,'2017-10-06 02:57:49'),(1346,'2017-10-6',43,2,'2017-10-06 22:53:13'),(1347,'2017-10-6',1,2,'2017-10-06 03:40:28'),(1348,'2017-10-5',1,3,'2017-10-06 02:49:58'),(1349,'2017-10-6',26,3,'2017-10-06 03:24:33'),(1350,'2017-10-6',1,3,'2017-10-06 23:52:00'),(1351,'2017-10-6',1,3,'2017-10-06 22:20:20'),(1352,'2017-10-6',1,3,'2017-10-06 23:49:14'),(1353,'2017-10-6',1,3,'2017-10-06 23:55:58'),(1354,'2017-10-6',1,3,'2017-10-06 22:05:08'),(1355,'2017-10-6',1,3,'2017-10-06 22:53:02'),(1356,'2017-10-6',1,3,'2017-10-06 03:49:21'),(1357,'2017-10-6',1,3,'2017-10-06 23:54:48'),(1358,'2017-10-6',1,3,'2017-10-06 23:04:03'),(1359,'2017-10-6',1,3,'2017-10-06 03:00:29'),(1360,'2017-10-6',1,3,'2017-10-06 03:28:46'),(1361,'2017-10-6',1,3,'2017-10-06 22:12:49'),(1362,'2017-10-6',1,3,'2017-10-06 03:08:36'),(1363,'2017-10-6',1,3,'2017-10-06 22:11:34'),(1364,'2017-10-6',1,3,'2017-10-06 23:00:07'),(1365,'2017-10-5',14,3,'2017-10-06 02:51:02'),(1366,'2017-10-6',1,3,'2017-10-06 03:06:33'),(1367,'2017-10-6',1,3,'2017-10-06 03:36:16'),(1368,'2017-10-6',1,3,'2017-10-06 22:58:29'),(1369,'2017-10-6',1,3,'2017-10-06 22:08:39'),(1370,'2017-10-5',1,3,'2017-10-06 02:56:31'),(1371,'2017-10-6',1,3,'2017-10-06 03:10:00'),(1372,'2017-10-6',21,3,'2017-10-06 22:41:28'),(1373,'2017-10-6',41,3,'2017-10-06 22:49:16'),(1374,'2017-10-6',26,3,'2017-10-06 03:54:46'),(1375,'2017-10-6',47,3,'2017-10-06 22:19:42'),(1376,'2017-10-6',1,3,'2017-10-06 22:52:28'),(1377,'2017-10-6',1,3,'2017-10-06 22:59:37'),(1378,'2017-10-6',10,3,'2017-10-06 22:41:26'),(1379,'2017-10-6',1,3,'2017-10-06 22:14:35'),(1380,'2017-10-6',1,3,'2017-10-06 22:44:03'),(1381,'2017-10-6',1,3,'2017-10-06 23:01:08'),(1382,'2017-10-6',19,3,'2017-10-06 22:32:23'),(1383,'2017-10-6',1,3,'2017-10-06 22:08:26'),(1384,'2017-10-6',1,3,'2017-10-06 22:29:48'),(1385,'2017-10-6',1,3,'2017-10-06 22:57:34'),(1386,'2017-10-6',1,3,'2017-10-06 03:56:05'),(1387,'2017-10-6',10,3,'2017-10-06 03:00:52'),(1388,'2017-10-6',1,3,'2017-10-06 22:25:28'),(1389,'2017-10-6',1,3,'2017-10-06 22:28:48'),(1390,'2017-10-6',1,3,'2017-10-06 03:42:03'),(1391,'2017-10-6',1,3,'2017-10-06 03:07:36'),(1392,'2017-10-6',1,3,'2017-10-06 03:53:55'),(1393,'2017-10-6',1,3,'2017-10-06 03:07:32'),(1394,'2017-10-5',1,3,'2017-10-06 02:45:07'),(1395,'2017-10-5',1,3,'2017-10-06 02:45:08'),(1396,'2017-10-5',1,3,'2017-10-06 02:45:09'),(1397,'2017-10-5',1,3,'2017-10-06 02:45:17'),(1398,'2017-10-6',1,3,'2017-10-06 03:45:08'),(1399,'2017-10-6',1,3,'2017-10-06 03:49:46'),(1400,'2017-10-6',1,3,'2017-10-06 03:18:27'),(1401,'2017-10-6',1,3,'2017-10-06 03:53:55'),(1402,'2017-10-6',1,3,'2017-10-06 23:00:21'),(1403,'2017-10-6',1,3,'2017-10-06 23:01:53'),(1404,'2017-10-5',1,3,'2017-10-06 02:45:57'),(1405,'2017-10-6',1,3,'2017-10-06 03:29:17'),(1406,'2017-10-6',1,3,'2017-10-06 03:02:34'),(1407,'2017-10-6',1,3,'2017-10-06 22:10:02'),(1408,'2017-10-6',1,3,'2017-10-06 03:09:08'),(1409,'2017-10-6',1,3,'2017-10-06 22:22:00'),(1410,'2017-10-6',1,3,'2017-10-06 03:07:32'),(1411,'2017-10-6',1,3,'2017-10-06 22:12:04'),(1412,'2017-10-5',1,3,'2017-10-06 02:46:18'),(1413,'2017-10-6',1,3,'2017-10-06 22:39:38'),(1414,'2017-10-6',1,3,'2017-10-06 03:28:08'),(1415,'2017-10-6',1,3,'2017-10-06 23:51:05'),(1416,'2017-10-5',1,3,'2017-10-06 02:45:21'),(1417,'2017-10-5',1,3,'2017-10-06 02:49:24'),(1418,'2017-10-6',1,3,'2017-10-06 22:25:28'),(1419,'2017-10-6',1,3,'2017-10-06 03:57:12'),(1420,'2017-10-5',13,3,'2017-10-06 02:48:16'),(1421,'2017-10-5',1,3,'2017-10-06 02:46:38'),(1422,'2017-10-6',1,3,'2017-10-06 22:03:24'),(1423,'2017-10-6',1,3,'2017-10-06 22:59:24'),(1424,'2017-10-6',1,3,'2017-10-06 22:49:39'),(1425,'2017-10-6',1,3,'2017-10-06 22:59:12'),(1426,'2017-10-6',1,3,'2017-10-06 22:32:07'),(1427,'2017-10-6',19,3,'2017-10-06 03:02:11'),(1428,'2017-10-6',1,3,'2017-10-06 22:22:07'),(1429,'2017-10-6',1,3,'2017-10-06 03:45:41'),(1430,'2017-10-6',1,3,'2017-10-06 22:32:54'),(1431,'2017-10-5',1,3,'2017-10-06 02:50:15'),(1432,'2017-10-6',19,3,'2017-10-06 03:47:40'),(1433,'2017-10-6',1,3,'2017-10-06 23:55:37'),(1434,'2017-10-6',1,3,'2017-10-06 23:55:55'),(1435,'2017-10-6',1,3,'2017-10-06 03:08:14'),(1436,'2017-10-6',1,3,'2017-10-06 03:20:30'),(1437,'2017-10-6',1,3,'2017-10-06 03:30:22'),(1438,'2017-10-6',1,3,'2017-10-06 03:38:31'),(1439,'2017-10-5',1,3,'2017-10-06 02:44:34'),(1440,'2017-10-5',1,3,'2017-10-06 02:50:48'),(1441,'2017-10-6',19,3,'2017-10-06 03:16:48'),(1442,'2017-10-5',1,3,'2017-10-06 02:47:31'),(1443,'2017-10-6',1,3,'2017-10-06 03:37:51'),(1444,'2017-10-6',1,3,'2017-10-06 03:39:43'),(1445,'2017-10-6',1,3,'2017-10-06 03:43:26'),(1446,'2017-10-6',1,3,'2017-10-06 03:55:39'),(1447,'2017-10-5',1,3,'2017-10-06 02:58:35'),(1448,'2017-10-6',26,3,'2017-10-06 03:14:04'),(1449,'2017-10-6',26,3,'2017-10-06 03:22:42'),(1450,'2017-10-6',1,3,'2017-10-06 22:44:55'),(1451,'2017-10-6',1,3,'2017-10-06 03:03:09'),(1452,'2017-10-6',1,3,'2017-10-06 03:10:19'),(1453,'2017-10-6',1,3,'2017-10-06 03:13:05'),(1454,'2017-10-6',1,3,'2017-10-06 03:15:28'),(1455,'2017-10-6',1,3,'2017-10-06 03:22:07'),(1456,'2017-10-5',1,3,'2017-10-06 02:49:50'),(1457,'2017-10-6',1,3,'2017-10-06 03:05:32'),(1458,'2017-10-6',1,3,'2017-10-06 03:02:53'),(1459,'2017-10-6',1,3,'2017-10-06 04:01:43'),(1460,'2017-10-6',1,3,'2017-10-06 22:18:20'),(1461,'2017-10-6',1,3,'2017-10-06 22:21:05'),(1462,'2017-10-6',1,3,'2017-10-06 03:10:15'),(1463,'2017-10-6',1,3,'2017-10-06 03:29:21'),(1464,'2017-10-6',1,3,'2017-10-06 03:14:38'),(1465,'2017-10-6',1,3,'2017-10-06 03:27:38'),(1466,'2017-10-6',5,3,'2017-10-06 22:01:20'),(1467,'2017-10-5',1,3,'2017-10-06 02:43:21'),(1468,'2017-10-6',1,3,'2017-10-06 22:03:00'),(1469,'2017-10-6',1,3,'2017-10-06 23:06:46'),(1470,'2017-10-6',1,3,'2017-10-06 23:50:28'),(1471,'2017-10-6',1,3,'2017-10-06 23:55:18'),(1472,'2017-10-6',1,3,'2017-10-06 22:55:54'),(1473,'2017-10-5',1,3,'2017-10-06 02:57:12'),(1474,'2017-10-6',1,3,'2017-10-06 22:47:57'),(1475,'2017-10-6',47,3,'2017-10-06 03:01:33'),(1476,'2017-10-6',1,3,'2017-10-06 23:00:53'),(1477,'2017-10-6',1,3,'2017-10-06 23:00:58'),(1478,'2017-10-5',1,3,'2017-10-06 02:46:28'),(1479,'2017-10-6',1,3,'2017-10-06 23:52:11'),(1480,'2017-10-6',1,3,'2017-10-06 22:00:39'),(1481,'2017-10-6',1,3,'2017-10-06 23:54:18'),(1482,'2017-10-6',1,3,'2017-10-06 03:18:27'),(1483,'2017-10-6',1,3,'2017-10-06 22:00:45'),(1484,'2017-10-6',1,3,'2017-10-06 22:48:08'),(1485,'2017-10-6',1,3,'2017-10-06 03:36:06'),(1486,'2017-10-6',1,3,'2017-10-06 22:17:17'),(1487,'2017-10-6',1,3,'2017-10-06 22:50:14'),(1488,'2017-10-5',1,3,'2017-10-06 02:57:12'),(1489,'2017-10-6',1,3,'2017-10-06 22:47:57'),(1490,'2017-10-6',47,3,'2017-10-06 03:01:33'),(1491,'2017-10-6',1,3,'2017-10-06 23:00:53'),(1492,'2017-10-6',1,3,'2017-10-06 23:00:58'),(1493,'2017-10-5',1,3,'2017-10-06 02:46:28'),(1494,'2017-10-6',1,3,'2017-10-06 23:52:11'),(1495,'2017-10-6',1,3,'2017-10-06 22:00:39'),(1496,'2017-10-6',1,3,'2017-10-06 23:54:18'),(1497,'2017-10-6',1,3,'2017-10-06 03:18:27'),(1498,'2017-10-6',1,3,'2017-10-06 22:00:45'),(1499,'2017-10-6',1,3,'2017-10-06 22:48:08'),(1500,'2017-10-6',1,3,'2017-10-06 03:36:06'),(1501,'2017-10-6',1,3,'2017-10-06 22:17:17'),(1502,'2017-10-6',1,3,'2017-10-06 22:50:14'),(1503,'2017-10-6',1,3,'2017-10-06 23:53:40'),(1504,'2017-10-5',1,3,'2017-10-06 02:46:48'),(1505,'2017-10-5',1,3,'2017-10-06 02:49:44'),(1506,'2017-10-6',1,3,'2017-10-06 22:03:17'),(1507,'2017-10-6',1,3,'2017-10-06 22:37:40'),(1508,'2017-10-5',1,3,'2017-10-06 02:52:10'),(1509,'2017-10-6',1,3,'2017-10-06 03:22:54'),(1510,'2017-10-6',1,3,'2017-10-06 03:30:40'),(1511,'2017-10-6',1,3,'2017-10-06 03:37:19'),(1512,'2017-10-6',1,3,'2017-10-06 03:40:38'),(1513,'2017-10-5',1,3,'2017-10-06 02:54:05'),(1514,'2017-10-6',1,3,'2017-10-06 03:03:50'),(1515,'2017-10-6',1,3,'2017-10-06 03:33:02'),(1516,'2017-10-6',1,3,'2017-10-06 03:40:52'),(1517,'2017-10-6',1,3,'2017-10-06 22:45:59'),(1518,'2017-10-6',1,3,'2017-10-06 03:04:25'),(1519,'2017-10-6',1,3,'2017-10-06 03:08:19'),(1520,'2017-10-6',1,3,'2017-10-06 03:05:50'),(1521,'2017-10-6',1,3,'2017-10-06 03:07:09'),(1522,'2017-10-6',19,3,'2017-10-06 23:56:29'),(1523,'2017-10-5',1,3,'2017-10-06 02:56:24'),(1524,'2017-10-6',1,3,'2017-10-06 03:06:45'),(1525,'2017-10-6',1,3,'2017-10-06 04:00:11'),(1526,'2017-10-6',1,3,'2017-10-06 22:55:37'),(1527,'2017-10-5',1,3,'2017-10-06 02:50:50'),(1528,'2017-10-6',1,3,'2017-10-06 03:03:38'),(1529,'2017-10-6',1,3,'2017-10-06 03:31:22'),(1530,'2017-10-6',1,3,'2017-10-06 22:25:32'),(1531,'2017-10-6',1,3,'2017-10-06 03:16:28'),(1532,'2017-10-6',1,3,'2017-10-06 03:22:05'),(1533,'2017-10-6',1,3,'2017-10-06 03:22:27'),(1534,'2017-10-6',1,3,'2017-10-06 22:05:56'),(1535,'2017-10-6',1,3,'2017-10-06 22:20:57'),(1536,'2017-10-5',1,3,'2017-10-06 02:44:09'),(1537,'2017-10-6',1,3,'2017-10-06 03:10:27'),(1538,'2017-10-6',1,3,'2017-10-06 04:01:12'),(1539,'2017-10-6',1,3,'2017-10-06 22:26:15'),(1540,'2017-10-6',19,3,'2017-10-06 22:33:29'),(1541,'2017-10-6',1,3,'2017-10-06 23:00:03'),(1542,'2017-10-6',1,3,'2017-10-06 23:04:25'),(1543,'2017-10-5',1,3,'2017-10-06 02:43:58'),(1544,'2017-10-5',1,3,'2017-10-06 02:44:09'),(1545,'2017-10-6',1,3,'2017-10-06 03:19:52'),(1546,'2017-10-6',1,3,'2017-10-06 03:39:48'),(1547,'2017-10-6',1,3,'2017-10-06 22:46:14'),(1548,'2017-10-6',18,3,'2017-10-06 03:29:43'),(1549,'2017-10-5',1,3,'2017-10-06 02:55:24'),(1550,'2017-10-5',1,3,'2017-10-06 02:57:28'),(1551,'2017-10-5',1,3,'2017-10-06 02:57:44'),(1552,'2017-10-6',5,3,'2017-10-06 22:00:26'),(1553,'2017-10-6',1,3,'2017-10-06 03:33:42'),(1554,'2017-10-6',1,3,'2017-10-06 03:28:45'),(1555,'2017-10-6',1,3,'2017-10-06 22:48:14'),(1556,'2017-10-6',19,3,'2017-10-06 03:49:20'),(1557,'2017-10-6',1,3,'2017-10-06 03:03:46'),(1558,'2017-10-6',1,3,'2017-10-06 22:26:57'),(1559,'2017-10-6',19,3,'2017-10-06 22:29:23'),(1560,'2017-10-6',1,3,'2017-10-06 22:30:28'),(1561,'2017-10-6',19,3,'2017-10-06 23:02:22'),(1562,'2017-10-6',1,3,'2017-10-06 22:15:28'),(1563,'2017-10-6',1,3,'2017-10-06 22:32:20'),(1564,'2017-10-6',1,3,'2017-10-06 03:00:22'),(1565,'2017-10-6',1,3,'2017-10-06 03:24:36'),(1566,'2017-10-6',1,3,'2017-10-06 03:29:56'),(1567,'2017-10-6',1,3,'2017-10-06 03:58:03'),(1568,'2017-10-6',1,3,'2017-10-06 03:13:51'),(1569,'2017-10-6',1,3,'2017-10-06 22:20:55'),(1570,'2017-10-6',1,3,'2017-10-06 03:03:19'),(1571,'2017-10-6',1,3,'2017-10-06 03:56:59'),(1572,'2017-10-6',1,3,'2017-10-06 22:27:37'),(1573,'2017-10-6',33,3,'2017-10-06 22:52:25'),(1574,'2017-10-6',19,3,'2017-10-06 23:50:19'),(1575,'2017-10-5',1,3,'2017-10-06 02:48:26'),(1576,'2017-10-6',1,3,'2017-10-06 03:31:12'),(1577,'2017-10-6',1,3,'2017-10-06 03:37:17'),(1578,'2017-10-6',1,3,'2017-10-06 22:02:55'),(1579,'2017-10-6',1,3,'2017-10-06 22:09:47'),(1580,'2017-10-5',1,3,'2017-10-06 02:46:28'),(1581,'2017-10-6',1,3,'2017-10-06 03:33:43'),(1582,'2017-10-6',1,3,'2017-10-06 03:43:04'),(1583,'2017-10-6',1,3,'2017-10-06 03:41:39'),(1584,'2017-10-6',1,3,'2017-10-06 03:55:28'),(1585,'2017-10-6',33,3,'2017-10-06 22:40:21'),(1586,'2017-10-6',1,3,'2017-10-06 22:59:49'),(1587,'2017-10-6',1,3,'2017-10-06 23:08:28'),(1588,'2017-10-6',1,3,'2017-10-06 23:52:11'),(1589,'2017-10-6',1,3,'2017-10-06 23:54:33'),(1590,'2017-10-6',1,3,'2017-10-06 03:04:39'),(1591,'2017-10-6',1,3,'2017-10-06 03:16:04'),(1592,'2017-10-6',19,3,'2017-10-06 03:31:20'),(1593,'2017-10-6',1,3,'2017-10-06 03:32:08'),(1594,'2017-10-6',1,3,'2017-10-06 22:00:39'),(1595,'2017-10-6',1,3,'2017-10-06 22:00:54'),(1596,'2017-10-6',19,3,'2017-10-06 22:09:19'),(1597,'2017-10-6',1,3,'2017-10-06 22:19:21'),(1598,'2017-10-6',1,3,'2017-10-06 22:30:23'),(1599,'2017-10-6',1,3,'2017-10-06 23:01:55'),(1600,'2017-10-6',1,3,'2017-10-06 23:54:18'),(1601,'2017-10-6',1,3,'2017-10-06 03:00:13'),(1602,'2017-10-6',1,3,'2017-10-06 03:29:23'),(1603,'2017-10-6',1,3,'2017-10-06 03:54:44'),(1604,'2017-10-6',1,3,'2017-10-06 22:00:45'),(1605,'2017-10-6',1,3,'2017-10-06 22:08:28'),(1606,'2017-10-6',1,3,'2017-10-06 22:08:52'),(1607,'2017-10-6',1,3,'2017-10-06 22:31:21'),(1608,'2017-10-6',1,3,'2017-10-06 22:41:37'),(1609,'2017-10-6',1,3,'2017-10-06 22:48:08'),(1610,'2017-10-5',1,3,'2017-10-06 02:52:43'),(1611,'2017-10-6',1,3,'2017-10-06 03:36:06'),(1612,'2017-10-6',1,3,'2017-10-06 03:36:53'),(1613,'2017-10-6',1,3,'2017-10-06 22:10:06'),(1614,'2017-10-6',1,3,'2017-10-06 22:17:17'),(1615,'2017-10-6',16,3,'2017-10-06 22:20:57'),(1616,'2017-10-6',1,3,'2017-10-06 22:22:29'),(1617,'2017-10-6',1,3,'2017-10-06 22:50:14'),(1618,'2017-10-6',1,3,'2017-10-06 22:07:47'),(1619,'2017-10-6',1,3,'2017-10-06 23:05:01'),(1620,'2017-10-6',1,3,'2017-10-06 03:47:46'),(1621,'2017-10-6',27,3,'2017-10-06 21:59:37'),(1622,'2017-10-6',1,3,'2017-10-06 22:49:39'),(1623,'2017-10-6',1,3,'2017-10-06 23:52:21'),(1624,'2017-10-6',1,3,'2017-10-06 03:33:42'),(1625,'2017-10-6',1,3,'2017-10-06 03:28:45'),(1626,'2017-10-6',1,3,'2017-10-06 22:48:14'),(1627,'2017-10-6',19,3,'2017-10-06 03:49:20'),(1628,'2017-10-6',1,3,'2017-10-06 03:03:46'),(1629,'2017-10-6',1,3,'2017-10-06 22:26:57'),(1630,'2017-10-6',19,3,'2017-10-06 22:29:23'),(1631,'2017-10-6',1,3,'2017-10-06 22:30:28'),(1632,'2017-10-6',19,3,'2017-10-06 23:02:22'),(1633,'2017-10-6',1,3,'2017-10-06 22:15:28'),(1634,'2017-10-6',1,3,'2017-10-06 22:32:20'),(1635,'2017-10-6',1,3,'2017-10-06 03:00:22'),(1636,'2017-10-6',1,3,'2017-10-06 03:24:36'),(1637,'2017-10-6',1,3,'2017-10-06 03:29:56'),(1638,'2017-10-6',1,3,'2017-10-06 03:58:03'),(1639,'2017-10-6',1,3,'2017-10-06 03:13:51'),(1640,'2017-10-6',1,3,'2017-10-06 22:20:55'),(1641,'2017-10-6',1,3,'2017-10-06 03:03:19'),(1642,'2017-10-6',1,3,'2017-10-06 03:56:59'),(1643,'2017-10-6',1,3,'2017-10-06 22:27:37'),(1644,'2017-10-6',33,3,'2017-10-06 22:52:25'),(1645,'2017-10-6',19,3,'2017-10-06 23:50:19'),(1646,'2017-10-5',1,3,'2017-10-06 02:48:26'),(1647,'2017-10-6',1,3,'2017-10-06 03:31:12'),(1648,'2017-10-6',1,3,'2017-10-06 03:37:17'),(1649,'2017-10-6',1,3,'2017-10-06 22:02:55'),(1650,'2017-10-6',1,3,'2017-10-06 22:09:47'),(1651,'2017-10-5',1,3,'2017-10-06 02:46:28'),(1652,'2017-10-6',1,3,'2017-10-06 03:33:43'),(1653,'2017-10-6',1,3,'2017-10-06 03:43:04'),(1654,'2017-10-6',1,3,'2017-10-06 03:41:39'),(1655,'2017-10-6',1,3,'2017-10-06 03:55:28'),(1656,'2017-10-6',33,3,'2017-10-06 22:40:21'),(1657,'2017-10-6',1,3,'2017-10-06 22:59:49'),(1658,'2017-10-6',1,3,'2017-10-06 23:08:28'),(1659,'2017-10-6',1,3,'2017-10-06 23:52:11'),(1660,'2017-10-6',1,3,'2017-10-06 23:54:33'),(1661,'2017-10-6',1,3,'2017-10-06 03:04:39'),(1662,'2017-10-6',1,3,'2017-10-06 03:16:04'),(1663,'2017-10-6',19,3,'2017-10-06 03:31:20'),(1664,'2017-10-6',1,3,'2017-10-06 03:32:08'),(1665,'2017-10-6',1,3,'2017-10-06 22:00:39'),(1666,'2017-10-6',1,3,'2017-10-06 22:00:54'),(1667,'2017-10-6',19,3,'2017-10-06 22:09:19'),(1668,'2017-10-6',1,3,'2017-10-06 22:19:21'),(1669,'2017-10-6',1,3,'2017-10-06 22:30:23'),(1670,'2017-10-6',1,3,'2017-10-06 23:01:55'),(1671,'2017-10-6',1,3,'2017-10-06 23:54:18'),(1672,'2017-10-6',1,3,'2017-10-06 03:00:13'),(1673,'2017-10-6',1,3,'2017-10-06 03:29:23'),(1674,'2017-10-6',1,3,'2017-10-06 03:54:44'),(1675,'2017-10-6',1,3,'2017-10-06 22:00:45'),(1676,'2017-10-6',1,3,'2017-10-06 22:08:28'),(1677,'2017-10-6',1,3,'2017-10-06 22:08:52'),(1678,'2017-10-6',1,3,'2017-10-06 22:31:21'),(1679,'2017-10-6',1,3,'2017-10-06 22:41:37'),(1680,'2017-10-6',1,3,'2017-10-06 22:48:08'),(1681,'2017-10-5',1,3,'2017-10-06 02:52:43'),(1682,'2017-10-6',1,3,'2017-10-06 03:36:06'),(1683,'2017-10-6',1,3,'2017-10-06 03:36:53'),(1684,'2017-10-6',1,3,'2017-10-06 22:10:06'),(1685,'2017-10-6',1,3,'2017-10-06 22:17:17'),(1686,'2017-10-6',16,3,'2017-10-06 22:20:57'),(1687,'2017-10-6',1,3,'2017-10-06 22:22:29'),(1688,'2017-10-6',1,3,'2017-10-06 22:50:14'),(1689,'2017-10-6',1,3,'2017-10-06 22:07:47'),(1690,'2017-10-6',1,3,'2017-10-06 23:05:01'),(1691,'2017-10-6',1,3,'2017-10-06 03:47:46'),(1692,'2017-10-6',27,3,'2017-10-06 21:59:37'),(1693,'2017-10-6',1,3,'2017-10-06 22:49:39'),(1694,'2017-10-6',1,3,'2017-10-06 23:52:21'),(1695,'2017-10-6',16,3,'2017-10-06 03:49:43'),(1696,'2017-10-5',47,3,'2017-10-06 02:50:20'),(1697,'2017-10-6',1,3,'2017-10-06 03:35:37'),(1698,'2017-10-5',1,3,'2017-10-06 02:47:18'),(1699,'2017-10-6',1,3,'2017-10-06 22:52:48'),(1700,'2017-10-6',1,3,'2017-10-06 23:02:06'),(1701,'2017-10-6',1,3,'2017-10-06 23:52:26'),(1702,'2017-10-6',19,3,'2017-10-06 22:47:08'),(1703,'2017-10-6',1,3,'2017-10-06 22:53:02'),(1704,'2017-10-6',19,3,'2017-10-06 22:59:05'),(1705,'2017-10-5',1,3,'2017-10-06 02:50:04'),(1706,'2017-10-6',1,3,'2017-10-06 04:00:35'),(1707,'2017-10-6',1,3,'2017-10-06 22:20:44'),(1708,'2017-10-6',1,3,'2017-10-06 22:23:52'),(1709,'2017-10-6',1,3,'2017-10-06 23:00:29'),(1710,'2017-10-5',1,3,'2017-10-06 02:57:59'),(1711,'2017-10-6',1,3,'2017-10-06 23:47:02'),(1712,'2017-10-6',1,3,'2017-10-06 03:07:30'),(1713,'2017-10-6',1,3,'2017-10-06 03:08:07'),(1714,'2017-10-6',1,3,'2017-10-06 03:30:14'),(1715,'2017-10-6',1,3,'2017-10-06 22:12:42'),(1716,'2017-10-6',1,3,'2017-10-06 22:17:07'),(1717,'2017-10-6',1,3,'2017-10-06 22:42:44'),(1718,'2017-10-6',1,3,'2017-10-06 23:08:29'),(1719,'2017-10-6',1,3,'2017-10-06 23:08:29'),(1720,'2017-10-6',1,3,'2017-10-06 23:08:29'),(1721,'2017-10-5',1,3,'2017-10-06 02:49:01'),(1722,'2017-10-6',1,3,'2017-10-06 22:04:09'),(1723,'2017-10-6',1,3,'2017-10-06 22:08:33'),(1724,'2017-10-6',1,3,'2017-10-06 22:12:04'),(1725,'2017-10-6',1,3,'2017-10-06 22:14:01'),(1726,'2017-10-6',1,3,'2017-10-06 22:20:01'),(1727,'2017-10-6',1,3,'2017-10-06 22:20:01'),(1728,'2017-10-6',1,3,'2017-10-06 22:56:18'),(1729,'2017-10-6',1,3,'2017-10-06 23:08:02'),(1730,'2017-10-5',1,3,'2017-10-06 02:58:53'),(1731,'2017-10-6',1,3,'2017-10-06 23:08:00'),(1732,'2017-10-6',1,3,'2017-10-06 23:55:22'),(1733,'2017-10-6',1,3,'2017-10-06 03:35:14'),(1734,'2017-10-6',1,3,'2017-10-06 22:20:04'),(1735,'2017-10-6',1,3,'2017-10-06 23:00:26'),(1736,'2017-10-6',1,3,'2017-10-06 22:10:05'),(1737,'2017-10-6',1,3,'2017-10-06 22:52:31'),(1738,'2017-10-6',1,3,'2017-10-06 23:00:02'),(1739,'2017-10-6',1,3,'2017-10-06 23:00:02'),(1740,'2017-10-5',1,3,'2017-10-06 02:50:30'),(1741,'2017-10-6',1,4,'2017-10-06 03:03:33'),(1742,'2017-10-5',1,4,'2017-10-06 02:46:41'),(1743,'2017-10-6',1,4,'2017-10-06 22:00:28'),(1744,'2017-10-6',39,4,'2017-10-06 04:01:24'),(1745,'2017-10-6',1,4,'2017-10-06 22:07:37'),(1746,'2017-10-5',1,4,'2017-10-06 02:50:56'),(1747,'2017-10-5',47,4,'2017-10-06 02:57:14'),(1748,'2017-10-6',1,4,'2017-10-06 03:36:19'),(1749,'2017-10-5',1,4,'2017-10-06 02:50:49'),(1750,'2017-10-5',1,4,'2017-10-06 02:51:50'),(1751,'2017-10-6',1,4,'2017-10-06 03:12:10'),(1752,'2017-10-6',1,4,'2017-10-06 22:59:38'),(1753,'2017-10-5',39,4,'2017-10-06 02:52:29'),(1754,'2017-10-6',1,4,'2017-10-06 03:03:08'),(1755,'2017-10-6',10,4,'2017-10-06 22:15:39'),(1756,'2017-10-5',1,4,'2017-10-06 02:46:33'),(1757,'2017-10-5',1,4,'2017-10-06 02:50:50'),(1758,'2017-10-5',1,4,'2017-10-06 02:55:39'),(1759,'2017-10-6',1,4,'2017-10-06 03:10:00'),(1760,'2017-10-6',1,4,'2017-10-06 03:23:13'),(1761,'2017-10-6',1,4,'2017-10-06 22:07:43'),(1762,'2017-10-6',1,4,'2017-10-06 22:13:58'),(1763,'2017-10-6',1,4,'2017-10-06 22:14:55'),(1764,'2017-10-6',1,4,'2017-10-06 22:25:44'),(1765,'2017-10-6',1,4,'2017-10-06 22:49:30'),(1766,'2017-10-6',47,4,'2017-10-06 23:02:50'),(1767,'2017-10-6',1,4,'2017-10-06 03:33:52'),(1768,'2017-10-6',1,4,'2017-10-06 03:44:35'),(1769,'2017-10-6',1,4,'2017-10-06 22:00:01'),(1770,'2017-10-6',1,4,'2017-10-06 22:12:13'),(1771,'2017-10-6',1,4,'2017-10-06 22:28:16'),(1772,'2017-10-5',1,4,'2017-10-06 02:53:36'),(1773,'2017-10-6',1,4,'2017-10-06 03:07:36'),(1774,'2017-10-6',1,4,'2017-10-06 03:22:03'),(1775,'2017-10-6',1,4,'2017-10-06 03:22:30'),(1776,'2017-10-6',1,4,'2017-10-06 03:25:26'),(1777,'2017-10-6',1,4,'2017-10-06 22:10:38'),(1778,'2017-10-6',1,4,'2017-10-06 23:47:51'),(1779,'2017-10-6',1,4,'2017-10-06 03:24:05'),(1780,'2017-10-6',1,4,'2017-10-06 04:00:43'),(1781,'2017-10-6',1,4,'2017-10-06 22:05:33'),(1782,'2017-10-6',1,4,'2017-10-06 22:16:01'),(1783,'2017-10-6',1,4,'2017-10-06 03:31:19'),(1784,'2017-10-6',1,4,'2017-10-06 03:42:00'),(1785,'2017-10-6',1,4,'2017-10-06 03:02:40'),(1786,'2017-10-6',1,4,'2017-10-06 03:15:28'),(1787,'2017-10-5',1,4,'2017-10-06 02:49:50'),(1788,'2017-10-6',1,4,'2017-10-06 03:34:08'),(1789,'2017-10-6',1,4,'2017-10-06 22:43:38'),(1790,'2017-10-6',1,4,'2017-10-06 03:14:08'),(1791,'2017-10-6',19,4,'2017-10-06 22:28:06'),(1792,'2017-10-6',1,4,'2017-10-06 03:43:19'),(1793,'2017-10-6',10,4,'2017-10-06 22:42:01'),(1794,'2017-10-6',1,4,'2017-10-06 22:45:04'),(1795,'2017-10-6',1,4,'2017-10-06 22:38:50'),(1796,'2017-10-6',1,4,'2017-10-06 03:02:29'),(1797,'2017-10-6',19,4,'2017-10-06 23:07:19'),(1798,'2017-10-5',1,4,'2017-10-06 02:56:42'),(1799,'2017-10-6',1,4,'2017-10-06 22:55:42'),(1800,'2017-10-6',1,4,'2017-10-06 23:52:20'),(1801,'2017-10-6',1,4,'2017-10-06 22:40:57'),(1802,'2017-10-6',1,4,'2017-10-06 23:49:24'),(1803,'2017-10-6',1,4,'2017-10-06 22:01:09'),(1804,'2017-10-6',1,4,'2017-10-06 03:17:49'),(1805,'2017-10-6',1,4,'2017-10-06 22:45:10'),(1806,'2017-10-6',1,4,'2017-10-06 03:23:29'),(1807,'2017-10-5',1,4,'2017-10-06 02:57:14'),(1808,'2017-10-6',1,4,'2017-10-06 03:28:45'),(1809,'2017-10-5',1,4,'2017-10-06 02:55:55'),(1810,'2017-10-6',1,4,'2017-10-06 22:02:45'),(1811,'2017-10-5',1,4,'2017-10-06 02:57:18'),(1812,'2017-10-6',1,4,'2017-10-06 03:17:36'),(1813,'2017-10-6',1,4,'2017-10-06 03:27:55'),(1814,'2017-10-6',1,4,'2017-10-06 22:03:51'),(1815,'2017-10-5',1,4,'2017-10-06 02:51:09'),(1816,'2017-10-6',1,4,'2017-10-06 03:54:51'),(1817,'2017-10-6',1,4,'2017-10-06 03:05:37'),(1818,'2017-10-6',1,4,'2017-10-06 03:10:14'),(1819,'2017-10-6',1,4,'2017-10-06 03:44:17'),(1820,'2017-10-6',1,4,'2017-10-06 03:44:35'),(1821,'2017-10-6',1,4,'2017-10-06 22:47:47'),(1822,'2017-10-5',1,4,'2017-10-06 02:56:11'),(1823,'2017-10-6',1,4,'2017-10-06 03:17:43'),(1824,'2017-10-6',1,4,'2017-10-06 03:24:50'),(1825,'2017-10-6',1,4,'2017-10-06 22:09:47'),(1826,'2017-10-6',1,4,'2017-10-06 23:56:34'),(1827,'2017-10-6',1,4,'2017-10-06 03:17:33'),(1828,'2017-10-6',1,4,'2017-10-06 03:31:26'),(1829,'2017-10-6',1,4,'2017-10-06 03:41:22'),(1830,'2017-10-6',1,4,'2017-10-06 22:54:31'),(1831,'2017-10-6',1,4,'2017-10-06 23:00:01'),(1832,'2017-10-6',1,4,'2017-10-06 03:04:33'),(1833,'2017-10-6',1,4,'2017-10-06 03:41:56'),(1834,'2017-10-6',1,4,'2017-10-06 03:55:17'),(1835,'2017-10-6',19,4,'2017-10-06 22:47:24'),(1836,'2017-10-6',14,4,'2017-10-06 03:03:10'),(1837,'2017-10-6',1,4,'2017-10-06 03:27:18'),(1838,'2017-10-6',1,4,'2017-10-06 22:26:41'),(1839,'2017-10-6',1,4,'2017-10-06 22:38:20'),(1840,'2017-10-5',1,4,'2017-10-06 02:53:51'),(1841,'2017-10-6',1,4,'2017-10-06 22:42:39'),(1842,'2017-10-6',1,4,'2017-10-06 03:50:16'),(1843,'2017-10-6',1,4,'2017-10-06 22:16:35'),(1844,'2017-10-6',51,4,'2017-10-06 22:35:11'),(1845,'2017-10-6',1,4,'2017-10-06 23:54:15'),(1846,'2017-10-6',1,4,'2017-10-06 03:26:21'),(1847,'2017-10-6',1,4,'2017-10-06 22:29:48'),(1848,'2017-10-6',1,4,'2017-10-06 03:32:11'),(1849,'2017-10-6',1,4,'2017-10-06 22:12:47'),(1850,'2017-10-5',1,4,'2017-10-06 02:43:15'),(1851,'2017-10-6',1,4,'2017-10-06 23:54:53'),(1852,'2017-10-6',1,4,'2017-10-06 23:56:58'),(1853,'2017-10-6',1,4,'2017-10-06 03:13:46'),(1854,'2017-10-6',1,4,'2017-10-06 22:10:21'),(1855,'2017-10-6',1,4,'2017-10-06 22:16:35'),(1856,'2017-10-6',1,4,'2017-10-06 23:50:16'),(1857,'2017-10-6',1,4,'2017-10-06 22:59:24'),(1858,'2017-10-6',1,4,'2017-10-06 22:59:12'),(1859,'2017-10-6',1,4,'2017-10-06 22:06:12'),(1860,'2017-10-6',10,4,'2017-10-06 22:15:39'),(1861,'2017-10-6',1,4,'2017-10-06 22:43:45'),(1862,'2017-10-6',1,4,'2017-10-06 22:04:03'),(1863,'2017-10-6',1,4,'2017-10-06 22:07:45'),(1864,'2017-10-6',1,4,'2017-10-06 22:40:40'),(1865,'2017-10-6',9,4,'2017-10-06 22:49:32'),(1866,'2017-10-5',1,4,'2017-10-06 02:48:12'),(1867,'2017-10-5',1,4,'2017-10-06 02:59:05'),(1868,'2017-10-6',1,4,'2017-10-06 03:00:29'),(1869,'2017-10-6',1,4,'2017-10-06 03:40:50'),(1870,'2017-10-6',1,4,'2017-10-06 22:39:11'),(1871,'2017-10-5',1,4,'2017-10-06 02:49:26'),(1872,'2017-10-6',1,4,'2017-10-06 22:57:30'),(1873,'2017-10-6',1,4,'2017-10-06 03:20:09'),(1874,'2017-10-6',1,4,'2017-10-06 23:56:16'),(1875,'2017-10-6',1,4,'2017-10-06 03:20:46'),(1876,'2017-10-6',1,4,'2017-10-06 22:23:52'),(1877,'2017-10-6',1,4,'2017-10-06 22:16:38'),(1878,'2017-10-5',1,4,'2017-10-06 02:51:25'),(1879,'2017-10-5',1,4,'2017-10-06 02:50:00'),(1880,'2017-10-5',1,4,'2017-10-06 02:55:08'),(1881,'2017-10-5',1,4,'2017-10-06 02:59:52'),(1882,'2017-10-6',1,4,'2017-10-06 03:07:38'),(1883,'2017-10-5',1,4,'2017-10-06 02:58:53'),(1884,'2017-10-6',1,4,'2017-10-06 03:23:49'),(1885,'2017-10-6',1,4,'2017-10-06 22:46:11'),(1886,'2017-10-6',1,4,'2017-10-06 22:13:58'),(1887,'2017-10-6',1,4,'2017-10-06 22:29:27'),(1888,'2017-10-6',1,4,'2017-10-06 23:03:12'),(1889,'2017-10-5',1,4,'2017-10-06 02:47:16'),(1890,'2017-10-6',1,5,'2017-10-06 22:34:03'),(1891,'2017-10-6',1,5,'2017-10-06 22:45:45'),(1892,'2017-10-5',1,5,'2017-10-06 02:54:02'),(1893,'2017-10-6',1,5,'2017-10-06 03:27:26'),(1894,'2017-10-6',1,5,'2017-10-06 22:22:51'),(1895,'2017-10-5',1,5,'2017-10-06 02:54:33'),(1896,'2017-10-6',1,5,'2017-10-06 22:20:49'),(1897,'2017-10-6',1,5,'2017-10-06 22:21:06'),(1898,'2017-10-6',1,5,'2017-10-06 23:53:54'),(1899,'2017-10-6',1,5,'2017-10-06 03:23:52'),(1900,'2017-10-6',1,5,'2017-10-06 22:58:23'),(1901,'2017-10-6',1,5,'2017-10-06 22:18:02'),(1902,'2017-10-6',1,5,'2017-10-06 22:49:05'),(1903,'2017-10-6',1,5,'2017-10-06 23:00:13'),(1904,'2017-10-6',1,5,'2017-10-06 23:00:39'),(1905,'2017-10-6',1,5,'2017-10-06 03:05:46'),(1906,'2017-10-6',1,5,'2017-10-06 22:34:03'),(1907,'2017-10-6',1,5,'2017-10-06 22:45:45'),(1908,'2017-10-5',1,5,'2017-10-06 02:54:02'),(1909,'2017-10-6',1,5,'2017-10-06 03:27:26'),(1910,'2017-10-6',1,5,'2017-10-06 22:22:51'),(1911,'2017-10-5',1,5,'2017-10-06 02:54:33'),(1912,'2017-10-6',1,5,'2017-10-06 22:20:49'),(1913,'2017-10-6',1,5,'2017-10-06 22:21:06'),(1914,'2017-10-6',1,5,'2017-10-06 23:53:54'),(1915,'2017-10-6',1,5,'2017-10-06 03:23:52'),(1916,'2017-10-6',1,5,'2017-10-06 22:58:23'),(1917,'2017-10-6',1,5,'2017-10-06 22:18:02'),(1918,'2017-10-6',1,5,'2017-10-06 22:49:05'),(1919,'2017-10-6',1,5,'2017-10-06 23:00:13'),(1920,'2017-10-6',1,5,'2017-10-06 23:00:39'),(1921,'2017-10-6',1,5,'2017-10-06 03:05:46'),(1922,'2017-10-6',1,5,'2017-10-06 03:17:43');

CREATE TABLE `wordBag` (
  `id_word` smallint(5) unsigned NOT NULL AUTO_INCREMENT,
  `id_crime` smallint(5) unsigned NOT NULL,
  `word` varchar(255) NOT NULL,
  `last_update` timestamp NOT NULL DEFAULT CURRENT_TIMESTAMP ON UPDATE CURRENT_TIMESTAMP,
  PRIMARY KEY (`id_word`),
  KEY `id_crime` (`id_crime`),
  CONSTRAINT `wordBag_ibfk_1` FOREIGN KEY (`id_crime`) REFERENCES `crime` (`id_crime`)
) ENGINE=InnoDB DEFAULT CHARSET=utf8;
