-- MySQL dump 10.13  Distrib 5.7.17, for Linux (x86_64)
--
-- Host: localhost    Database: crinfo
-- ------------------------------------------------------
-- Server version	5.7.18-0ubuntu0.16.10.1

/*!40101 SET @OLD_CHARACTER_SET_CLIENT=@@CHARACTER_SET_CLIENT */;
/*!40101 SET @OLD_CHARACTER_SET_RESULTS=@@CHARACTER_SET_RESULTS */;
/*!40101 SET @OLD_COLLATION_CONNECTION=@@COLLATION_CONNECTION */;
/*!40101 SET NAMES utf8 */;
/*!40103 SET @OLD_TIME_ZONE=@@TIME_ZONE */;
/*!40103 SET TIME_ZONE='+00:00' */;
/*!40014 SET @OLD_UNIQUE_CHECKS=@@UNIQUE_CHECKS, UNIQUE_CHECKS=0 */;
/*!40014 SET @OLD_FOREIGN_KEY_CHECKS=@@FOREIGN_KEY_CHECKS, FOREIGN_KEY_CHECKS=0 */;
/*!40101 SET @OLD_SQL_MODE=@@SQL_MODE, SQL_MODE='NO_AUTO_VALUE_ON_ZERO' */;
/*!40111 SET @OLD_SQL_NOTES=@@SQL_NOTES, SQL_NOTES=0 */;

--
-- Table structure for table `commune`
--

DROP TABLE IF EXISTS `commune`;
/*!40101 SET @saved_cs_client     = @@character_set_client */;
/*!40101 SET character_set_client = utf8 */;
CREATE TABLE `commune` (
  `id_commune` smallint(5) unsigned NOT NULL AUTO_INCREMENT,
  `name_commune` varchar(255) NOT NULL,
  `last_update` timestamp NOT NULL DEFAULT CURRENT_TIMESTAMP ON UPDATE CURRENT_TIMESTAMP,
  PRIMARY KEY (`id_commune`)
) ENGINE=InnoDB AUTO_INCREMENT=53 DEFAULT CHARSET=utf8;
/*!40101 SET character_set_client = @saved_cs_client */;

--
-- Dumping data for table `commune`
--

LOCK TABLES `commune` WRITE;
/*!40000 ALTER TABLE `commune` DISABLE KEYS */;
INSERT INTO `commune` VALUES (1,'Santiago','2017-10-12 01:12:33'),(2,'Independencia','2017-10-12 01:12:33'),(3,'Conchalí','2017-10-12 01:12:33'),(4,'Huechuraba','2017-10-12 01:12:33'),(5,'Recoleta','2017-10-12 01:12:33'),(6,'Providencia','2017-10-12 01:12:33'),(7,'Vitacura','2017-10-12 01:12:33'),(8,'Lo Barnechea','2017-10-12 01:12:33'),(9,'Las Condes','2017-10-12 01:12:33'),(10,'Ñuñoa','2017-10-12 01:12:33'),(11,'La Reina','2017-10-12 01:12:33'),(12,'Macul','2017-10-12 01:12:33'),(13,'Peñalolén','2017-10-12 01:12:33'),(14,'La Florida','2017-10-12 01:12:33'),(15,'San Joaquín','2017-10-12 01:12:33'),(16,'La Granja','2017-10-12 01:12:33'),(17,'La Pintana','2017-10-12 01:12:33'),(18,'San Ramón','2017-10-12 01:12:33'),(19,'San Miguel','2017-10-12 01:12:33'),(20,'La Cisterna','2017-10-12 01:12:33'),(21,'El Bosque','2017-10-12 01:12:33'),(22,'Pedro Aguirre Cerda','2017-10-12 01:12:33'),(23,'Lo Espejo','2017-10-12 01:12:33'),(24,'Estación Central','2017-10-12 01:12:33'),(25,'Cerrillos','2017-10-12 01:12:33'),(26,'Maipú','2017-10-12 01:12:33'),(27,'Quinta Normal','2017-10-12 01:12:33'),(28,'Lo Prado','2017-10-12 01:12:33'),(29,'Pudahuel','2017-10-12 01:12:33'),(30,'Cerro Navia','2017-10-12 01:12:33'),(31,'Renca','2017-10-12 01:12:33'),(32,'Quilicura','2017-10-12 01:12:33'),(33,'Colina','2017-10-12 01:12:33'),(34,'Lampa','2017-10-12 01:12:33'),(35,'Tiltil','2017-10-12 01:12:33'),(36,'Puente Alto','2017-10-12 01:12:33'),(37,'San José de Maipo','2017-10-12 01:12:33'),(38,'Pirque','2017-10-12 01:12:33'),(39,'San Bernardo','2017-10-12 01:12:33'),(40,'Buin','2017-10-12 01:12:33'),(41,'Paine','2017-10-12 01:12:33'),(42,'Calera de Tango','2017-10-12 01:12:33'),(43,'Melipilla','2017-10-12 01:12:33'),(44,'María Pinto','2017-10-12 01:12:33'),(45,'Curacaví','2017-10-12 01:12:33'),(46,'Alhué','2017-10-12 01:12:33'),(47,'San Pedro','2017-10-12 01:12:33'),(48,'Talagante','2017-10-12 01:12:33'),(49,'Peñaflor','2017-10-12 01:12:33'),(50,'Isla de Maipo','2017-10-12 01:12:33'),(51,'El Monte','2017-10-12 01:12:33'),(52,'Padre Hurtado','2017-10-12 01:12:33');
/*!40000 ALTER TABLE `commune` ENABLE KEYS */;
UNLOCK TABLES;

--
-- Table structure for table `crime`
--

DROP TABLE IF EXISTS `crime`;
/*!40101 SET @saved_cs_client     = @@character_set_client */;
/*!40101 SET character_set_client = utf8 */;
CREATE TABLE `crime` (
  `id_crime` smallint(5) unsigned NOT NULL AUTO_INCREMENT,
  `crime_name` varchar(255) NOT NULL,
  `last_update` timestamp NOT NULL DEFAULT CURRENT_TIMESTAMP ON UPDATE CURRENT_TIMESTAMP,
  PRIMARY KEY (`id_crime`)
) ENGINE=InnoDB AUTO_INCREMENT=6 DEFAULT CHARSET=utf8;
/*!40101 SET character_set_client = @saved_cs_client */;

--
-- Dumping data for table `crime`
--

LOCK TABLES `crime` WRITE;
/*!40000 ALTER TABLE `crime` DISABLE KEYS */;
INSERT INTO `crime` VALUES (1,'Delitos Sexuales','2017-10-12 01:12:33'),(2,'Drogas','2017-10-12 01:12:33'),(3,'Delitos Violentos','2017-10-12 01:12:33'),(4,'Violencia Intrafamiliar','2017-10-12 01:12:33'),(5,'Responsabilidad Penal Adolescente','2017-10-12 01:12:33');
/*!40000 ALTER TABLE `crime` ENABLE KEYS */;
UNLOCK TABLES;

--
-- Table structure for table `tweet`
--

DROP TABLE IF EXISTS `tweet`;
/*!40101 SET @saved_cs_client     = @@character_set_client */;
/*!40101 SET character_set_client = utf8 */;
CREATE TABLE `tweet` (
  `id_tweet` smallint(5) unsigned NOT NULL AUTO_INCREMENT,
  `publication_date` varchar(255) DEFAULT NULL,
  `id_commune` smallint(5) unsigned DEFAULT NULL,
  `id_crime` smallint(5) unsigned NOT NULL,
  `last_update` timestamp NOT NULL DEFAULT CURRENT_TIMESTAMP ON UPDATE CURRENT_TIMESTAMP,
  PRIMARY KEY (`id_tweet`),
  KEY `id_crime` (`id_crime`),
  KEY `id_commune` (`id_commune`),
  CONSTRAINT `tweet_ibfk_1` FOREIGN KEY (`id_crime`) REFERENCES `crime` (`id_crime`),
  CONSTRAINT `tweet_ibfk_2` FOREIGN KEY (`id_commune`) REFERENCES `commune` (`id_commune`)
) ENGINE=InnoDB AUTO_INCREMENT=7200 DEFAULT CHARSET=utf8;
/*!40101 SET character_set_client = @saved_cs_client */;

--
-- Dumping data for table `tweet`
--

LOCK TABLES `tweet` WRITE;
/*!40000 ALTER TABLE `tweet` DISABLE KEYS */;
INSERT INTO `tweet` VALUES (3984,'2017-10-6',1,1,'2017-11-26 14:06:01'),(3985,'2017-10-6',27,1,'2017-11-26 14:06:01'),(3986,'2017-10-6',1,1,'2017-11-26 14:06:01'),(3987,'2017-11-22',1,1,'2017-11-26 14:06:01'),(3988,'2017-11-22',1,1,'2017-11-26 14:06:01'),(3989,'2017-11-22',1,1,'2017-11-26 14:06:01'),(3990,'2017-10-6',1,1,'2017-11-26 14:06:01'),(3991,'2017-10-6',1,1,'2017-11-26 14:06:01'),(3992,'2017-11-22',1,1,'2017-11-26 14:06:01'),(3993,'2017-11-22',1,1,'2017-11-26 14:06:01'),(3994,'2017-11-22',1,1,'2017-11-26 14:06:01'),(3995,'2017-11-22',1,1,'2017-11-26 14:06:01'),(3996,'2017-11-22',1,1,'2017-11-26 14:06:01'),(3997,'2017-11-22',1,1,'2017-11-26 14:06:01'),(3998,'2017-10-6',9,1,'2017-11-26 14:06:01'),(3999,'2017-11-22',1,1,'2017-11-26 14:06:01'),(4000,'2017-11-22',1,1,'2017-11-26 14:06:02'),(4001,'2017-11-22',1,1,'2017-11-26 14:06:02'),(4002,'2017-11-22',1,1,'2017-11-26 14:06:02'),(4003,'2017-11-22',1,1,'2017-11-26 14:06:02'),(4004,'2017-11-22',1,1,'2017-11-26 14:06:02'),(4005,'2017-10-6',1,1,'2017-11-26 14:06:02'),(4006,'2017-10-6',1,1,'2017-11-26 14:06:02'),(4007,'2017-10-6',1,1,'2017-11-26 14:06:02'),(4008,'2017-10-6',1,1,'2017-11-26 14:06:02'),(4009,'2017-11-22',1,1,'2017-11-26 14:06:02'),(4010,'2017-11-22',1,1,'2017-11-26 14:06:02'),(4011,'2017-11-22',1,1,'2017-11-26 14:06:02'),(4012,'2017-10-6',1,1,'2017-11-26 14:06:02'),(4013,'2017-10-6',1,1,'2017-11-26 14:06:02'),(4014,'2017-10-6',1,1,'2017-11-26 14:06:02'),(4015,'2017-11-22',1,1,'2017-11-26 14:06:02'),(4016,'2017-11-22',1,1,'2017-11-26 14:06:02'),(4017,'2017-11-22',1,1,'2017-11-26 14:06:02'),(4018,'2017-11-22',1,1,'2017-11-26 14:06:02'),(4019,'2017-11-22',1,1,'2017-11-26 14:06:02'),(4020,'2017-11-22',1,1,'2017-11-26 14:06:02'),(4021,'2017-10-6',1,1,'2017-11-26 14:06:03'),(4022,'2017-10-6',1,1,'2017-11-26 14:06:03'),(4023,'2017-10-6',1,1,'2017-11-26 14:06:03'),(4024,'2017-10-6',1,1,'2017-11-26 14:06:03'),(4025,'2017-10-6',1,1,'2017-11-26 14:06:03'),(4026,'2017-10-6',1,1,'2017-11-26 14:06:03'),(4027,'2017-10-6',1,1,'2017-11-26 14:06:03'),(4028,'2017-10-6',1,1,'2017-11-26 14:06:03'),(4029,'2017-10-6',1,1,'2017-11-26 14:06:03'),(4030,'2017-10-6',1,1,'2017-11-26 14:06:03'),(4031,'2017-10-6',1,1,'2017-11-26 14:06:03'),(4032,'2017-10-6',1,1,'2017-11-26 14:06:03'),(4033,'2017-10-6',1,1,'2017-11-26 14:06:03'),(4034,'2017-11-22',1,1,'2017-11-26 14:06:03'),(4035,'2017-11-22',1,1,'2017-11-26 14:06:03'),(4036,'2017-11-22',1,1,'2017-11-26 14:06:03'),(4037,'2017-10-6',1,1,'2017-11-26 14:06:03'),(4038,'2017-10-6',1,1,'2017-11-26 14:06:03'),(4039,'2017-10-6',1,1,'2017-11-26 14:06:03'),(4040,'2017-10-6',1,1,'2017-11-26 14:06:03'),(4041,'2017-10-6',1,1,'2017-11-26 14:06:03'),(4042,'2017-10-6',1,1,'2017-11-26 14:06:04'),(4043,'2017-11-22',1,1,'2017-11-26 14:06:04'),(4044,'2017-11-22',1,1,'2017-11-26 14:06:04'),(4045,'2017-11-22',1,1,'2017-11-26 14:06:04'),(4046,'2017-10-5',1,1,'2017-11-26 14:06:04'),(4047,'2017-10-6',1,1,'2017-11-26 14:06:04'),(4048,'2017-10-6',1,1,'2017-11-26 14:06:04'),(4049,'2017-10-6',1,1,'2017-11-26 14:06:04'),(4050,'2017-11-22',1,1,'2017-11-26 14:06:04'),(4051,'2017-11-22',13,1,'2017-11-26 14:06:04'),(4052,'2017-11-22',1,1,'2017-11-26 14:06:04'),(4053,'2017-11-22',1,1,'2017-11-26 14:06:04'),(4054,'2017-11-22',13,1,'2017-11-26 14:06:04'),(4055,'2017-11-22',1,1,'2017-11-26 14:06:04'),(4056,'2017-11-22',1,1,'2017-11-26 14:06:04'),(4057,'2017-11-22',13,1,'2017-11-26 14:06:04'),(4058,'2017-11-22',1,1,'2017-11-26 14:06:04'),(4059,'2017-10-6',1,1,'2017-11-26 14:06:04'),(4060,'2017-10-6',1,1,'2017-11-26 14:06:04'),(4061,'2017-11-22',1,1,'2017-11-26 14:06:04'),(4062,'2017-11-22',1,1,'2017-11-26 14:06:04'),(4063,'2017-11-22',1,1,'2017-11-26 14:06:05'),(4064,'2017-10-6',1,1,'2017-11-26 14:06:05'),(4065,'2017-10-6',1,1,'2017-11-26 14:06:05'),(4066,'2017-11-22',19,1,'2017-11-26 14:06:05'),(4067,'2017-11-22',9,1,'2017-11-26 14:06:05'),(4068,'2017-11-22',1,1,'2017-11-26 14:06:05'),(4069,'2017-11-22',19,1,'2017-11-26 14:06:05'),(4070,'2017-11-22',9,1,'2017-11-26 14:06:05'),(4071,'2017-11-22',1,1,'2017-11-26 14:06:05'),(4072,'2017-11-22',19,1,'2017-11-26 14:06:05'),(4073,'2017-11-22',9,1,'2017-11-26 14:06:05'),(4074,'2017-11-22',1,1,'2017-11-26 14:06:05'),(4075,'2017-10-6',1,1,'2017-11-26 14:06:05'),(4076,'2017-10-6',1,1,'2017-11-26 14:06:05'),(4077,'2017-11-22',1,1,'2017-11-26 14:06:05'),(4078,'2017-11-22',1,1,'2017-11-26 14:06:05'),(4079,'2017-11-22',1,1,'2017-11-26 14:06:05'),(4080,'2017-11-22',1,1,'2017-11-26 14:06:05'),(4081,'2017-11-22',1,1,'2017-11-26 14:06:05'),(4082,'2017-11-22',1,1,'2017-11-26 14:06:05'),(4083,'2017-11-22',1,1,'2017-11-26 14:06:05'),(4084,'2017-11-22',1,1,'2017-11-26 14:06:05'),(4085,'2017-11-22',1,1,'2017-11-26 14:06:05'),(4086,'2017-11-22',1,1,'2017-11-26 14:06:06'),(4087,'2017-11-22',1,1,'2017-11-26 14:06:06'),(4088,'2017-11-22',1,1,'2017-11-26 14:06:06'),(4089,'2017-10-6',1,1,'2017-11-26 14:06:06'),(4090,'2017-10-6',1,1,'2017-11-26 14:06:06'),(4091,'2017-11-22',1,1,'2017-11-26 14:06:06'),(4092,'2017-11-22',1,1,'2017-11-26 14:06:06'),(4093,'2017-11-22',1,1,'2017-11-26 14:06:06'),(4094,'2017-10-6',1,1,'2017-11-26 14:06:06'),(4095,'2017-10-6',1,1,'2017-11-26 14:06:06'),(4096,'2017-10-6',1,1,'2017-11-26 14:06:06'),(4097,'2017-10-6',1,1,'2017-11-26 14:06:06'),(4098,'2017-10-6',11,1,'2017-11-26 14:06:06'),(4099,'2017-10-6',1,1,'2017-11-26 14:06:06'),(4100,'2017-11-22',1,1,'2017-11-26 14:06:06'),(4101,'2017-11-22',1,1,'2017-11-26 14:06:06'),(4102,'2017-11-22',1,1,'2017-11-26 14:06:06'),(4103,'2017-10-6',1,1,'2017-11-26 14:06:06'),(4104,'2017-10-6',1,1,'2017-11-26 14:06:06'),(4105,'2017-10-6',1,1,'2017-11-26 14:06:07'),(4106,'2017-10-6',1,1,'2017-11-26 14:06:07'),(4107,'2017-10-5',1,1,'2017-11-26 14:06:07'),(4108,'2017-10-6',33,1,'2017-11-26 14:06:07'),(4109,'2017-10-6',1,1,'2017-11-26 14:06:07'),(4110,'2017-10-6',21,1,'2017-11-26 14:06:07'),(4111,'2017-11-22',14,1,'2017-11-26 14:06:07'),(4112,'2017-11-22',14,1,'2017-11-26 14:06:07'),(4113,'2017-11-22',14,1,'2017-11-26 14:06:07'),(4114,'2017-11-22',14,1,'2017-11-26 14:06:07'),(4115,'2017-11-22',14,1,'2017-11-26 14:06:07'),(4116,'2017-11-22',14,1,'2017-11-26 14:06:07'),(4117,'2017-10-6',9,1,'2017-11-26 14:06:07'),(4118,'2017-10-6',1,1,'2017-11-26 14:06:07'),(4119,'2017-10-6',1,1,'2017-11-26 14:06:07'),(4120,'2017-10-6',1,1,'2017-11-26 14:06:07'),(4121,'2017-10-6',1,1,'2017-11-26 14:06:07'),(4122,'2017-10-6',31,1,'2017-11-26 14:06:07'),(4123,'2017-10-6',1,1,'2017-11-26 14:06:07'),(4124,'2017-10-6',1,1,'2017-11-26 14:06:07'),(4125,'2017-10-6',1,1,'2017-11-26 14:06:07'),(4126,'2017-10-6',1,1,'2017-11-26 14:06:08'),(4127,'2017-10-6',1,1,'2017-11-26 14:06:08'),(4128,'2017-10-6',1,1,'2017-11-26 14:06:08'),(4129,'2017-10-6',1,1,'2017-11-26 14:06:08'),(4130,'2017-10-6',1,1,'2017-11-26 14:06:08'),(4131,'2017-10-6',1,1,'2017-11-26 14:06:08'),(4132,'2017-10-6',1,1,'2017-11-26 14:06:08'),(4133,'2017-10-6',1,1,'2017-11-26 14:06:08'),(4134,'2017-10-6',1,1,'2017-11-26 14:06:08'),(4135,'2017-10-6',9,1,'2017-11-26 14:06:08'),(4136,'2017-10-6',1,1,'2017-11-26 14:06:08'),(4137,'2017-10-6',1,1,'2017-11-26 14:06:08'),(4138,'2017-10-6',1,1,'2017-11-26 14:06:08'),(4139,'2017-10-6',1,1,'2017-11-26 14:06:08'),(4140,'2017-10-6',1,1,'2017-11-26 14:06:08'),(4141,'2017-10-6',1,1,'2017-11-26 14:06:08'),(4142,'2017-10-6',1,1,'2017-11-26 14:06:08'),(4143,'2017-10-6',1,1,'2017-11-26 14:06:08'),(4144,'2017-10-6',1,1,'2017-11-26 14:06:08'),(4145,'2017-10-6',1,1,'2017-11-26 14:06:08'),(4146,'2017-10-6',1,1,'2017-11-26 14:06:08'),(4147,'2017-10-6',1,1,'2017-11-26 14:06:09'),(4148,'2017-10-6',1,1,'2017-11-26 14:06:09'),(4149,'2017-10-6',1,1,'2017-11-26 14:06:09'),(4150,'2017-10-6',1,1,'2017-11-26 14:06:09'),(4151,'2017-10-6',1,1,'2017-11-26 14:06:09'),(4152,'2017-10-6',1,1,'2017-11-26 14:06:09'),(4153,'2017-10-6',1,1,'2017-11-26 14:06:09'),(4154,'2017-10-6',9,1,'2017-11-26 14:06:09'),(4155,'2017-10-6',1,1,'2017-11-26 14:06:09'),(4156,'2017-10-6',1,1,'2017-11-26 14:06:09'),(4157,'2017-10-6',1,1,'2017-11-26 14:06:09'),(4158,'2017-10-6',1,1,'2017-11-26 14:06:09'),(4159,'2017-10-6',1,1,'2017-11-26 14:06:09'),(4160,'2017-10-6',1,1,'2017-11-26 14:06:09'),(4161,'2017-10-6',1,1,'2017-11-26 14:06:09'),(4162,'2017-10-5',1,1,'2017-11-26 14:06:09'),(4163,'2017-10-6',1,1,'2017-11-26 14:06:09'),(4164,'2017-10-6',1,1,'2017-11-26 14:06:09'),(4165,'2017-10-6',1,1,'2017-11-26 14:06:09'),(4166,'2017-10-6',1,1,'2017-11-26 14:06:09'),(4167,'2017-10-6',1,1,'2017-11-26 14:06:09'),(4168,'2017-11-22',9,1,'2017-11-26 14:06:09'),(4169,'2017-11-22',9,1,'2017-11-26 14:06:09'),(4170,'2017-11-22',9,1,'2017-11-26 14:06:09'),(4171,'2017-10-5',1,1,'2017-11-26 14:06:09'),(4172,'2017-10-6',1,2,'2017-11-26 14:06:10'),(4173,'2017-10-6',26,2,'2017-11-26 14:06:10'),(4174,'2017-10-6',1,2,'2017-11-26 14:06:10'),(4175,'2017-11-22',1,2,'2017-11-26 14:06:10'),(4176,'2017-11-22',1,2,'2017-11-26 14:06:10'),(4177,'2017-11-22',1,2,'2017-11-26 14:06:10'),(4178,'2017-10-5',9,2,'2017-11-26 14:06:10'),(4179,'2017-10-6',1,2,'2017-11-26 14:06:10'),(4180,'2017-10-6',1,2,'2017-11-26 14:06:10'),(4181,'2017-10-6',1,2,'2017-11-26 14:06:10'),(4182,'2017-11-22',19,2,'2017-11-26 14:06:10'),(4183,'2017-11-22',1,2,'2017-11-26 14:06:10'),(4184,'2017-11-22',19,2,'2017-11-26 14:06:10'),(4185,'2017-11-22',1,2,'2017-11-26 14:06:10'),(4186,'2017-11-22',19,2,'2017-11-26 14:06:10'),(4187,'2017-11-22',1,2,'2017-11-26 14:06:10'),(4188,'2017-10-6',1,2,'2017-11-26 14:06:10'),(4189,'2017-10-6',1,2,'2017-11-26 14:06:10'),(4190,'2017-11-22',1,2,'2017-11-26 14:06:10'),(4191,'2017-11-22',1,2,'2017-11-26 14:06:10'),(4192,'2017-11-22',1,2,'2017-11-26 14:06:10'),(4193,'2017-10-6',10,2,'2017-11-26 14:06:10'),(4194,'2017-10-6',1,2,'2017-11-26 14:06:11'),(4195,'2017-10-6',1,2,'2017-11-26 14:06:11'),(4196,'2017-10-6',1,2,'2017-11-26 14:06:11'),(4197,'2017-10-6',1,2,'2017-11-26 14:06:11'),(4198,'2017-10-6',1,2,'2017-11-26 14:06:11'),(4199,'2017-10-5',1,2,'2017-11-26 14:06:11'),(4200,'2017-10-6',1,2,'2017-11-26 14:06:11'),(4201,'2017-10-6',1,2,'2017-11-26 14:06:11'),(4202,'2017-10-6',1,2,'2017-11-26 14:06:11'),(4203,'2017-11-22',1,2,'2017-11-26 14:06:11'),(4204,'2017-11-22',1,2,'2017-11-26 14:06:11'),(4205,'2017-11-22',1,2,'2017-11-26 14:06:11'),(4206,'2017-11-22',1,2,'2017-11-26 14:06:11'),(4207,'2017-11-22',1,2,'2017-11-26 14:06:11'),(4208,'2017-11-22',1,2,'2017-11-26 14:06:11'),(4209,'2017-11-22',1,2,'2017-11-26 14:06:11'),(4210,'2017-11-22',1,2,'2017-11-26 14:06:11'),(4211,'2017-11-22',1,2,'2017-11-26 14:06:11'),(4212,'2017-10-6',1,2,'2017-11-26 14:06:11'),(4213,'2017-10-6',1,2,'2017-11-26 14:06:11'),(4214,'2017-10-6',1,2,'2017-11-26 14:06:11'),(4215,'2017-10-6',1,2,'2017-11-26 14:06:11'),(4216,'2017-10-6',1,2,'2017-11-26 14:06:11'),(4217,'2017-10-6',1,2,'2017-11-26 14:06:11'),(4218,'2017-11-22',1,2,'2017-11-26 14:06:11'),(4219,'2017-11-22',1,2,'2017-11-26 14:06:11'),(4220,'2017-11-22',1,2,'2017-11-26 14:06:12'),(4221,'2017-10-6',1,2,'2017-11-26 14:06:12'),(4222,'2017-10-6',5,2,'2017-11-26 14:06:12'),(4223,'2017-11-22',1,2,'2017-11-26 14:06:12'),(4224,'2017-11-22',1,2,'2017-11-26 14:06:12'),(4225,'2017-11-22',1,2,'2017-11-26 14:06:12'),(4226,'2017-10-6',1,2,'2017-11-26 14:06:12'),(4227,'2017-10-6',1,2,'2017-11-26 14:06:12'),(4228,'2017-10-6',1,2,'2017-11-26 14:06:12'),(4229,'2017-11-22',1,2,'2017-11-26 14:06:12'),(4230,'2017-11-22',1,2,'2017-11-26 14:06:12'),(4231,'2017-11-22',1,2,'2017-11-26 14:06:12'),(4232,'2017-11-22',1,2,'2017-11-26 14:06:12'),(4233,'2017-11-22',1,2,'2017-11-26 14:06:12'),(4234,'2017-11-22',1,2,'2017-11-26 14:06:12'),(4235,'2017-10-6',1,2,'2017-11-26 14:06:12'),(4236,'2017-10-6',1,2,'2017-11-26 14:06:12'),(4237,'2017-10-6',1,2,'2017-11-26 14:06:12'),(4238,'2017-10-6',1,2,'2017-11-26 14:06:12'),(4239,'2017-10-5',1,2,'2017-11-26 14:06:12'),(4240,'2017-10-6',1,2,'2017-11-26 14:06:12'),(4241,'2017-10-6',1,2,'2017-11-26 14:06:12'),(4242,'2017-10-6',43,2,'2017-11-26 14:06:12'),(4243,'2017-10-6',1,2,'2017-11-26 14:06:12'),(4244,'2017-10-6',1,2,'2017-11-26 14:06:12'),(4245,'2017-10-6',1,2,'2017-11-26 14:06:12'),(4246,'2017-11-22',47,2,'2017-11-26 14:06:12'),(4247,'2017-11-22',47,2,'2017-11-26 14:06:12'),(4248,'2017-11-22',47,2,'2017-11-26 14:06:13'),(4249,'2017-10-6',1,2,'2017-11-26 14:06:13'),(4250,'2017-11-22',1,2,'2017-11-26 14:06:13'),(4251,'2017-11-22',1,2,'2017-11-26 14:06:13'),(4252,'2017-11-22',1,2,'2017-11-26 14:06:13'),(4253,'2017-11-22',1,2,'2017-11-26 14:06:13'),(4254,'2017-11-22',1,2,'2017-11-26 14:06:13'),(4255,'2017-11-22',1,2,'2017-11-26 14:06:13'),(4256,'2017-11-22',1,2,'2017-11-26 14:06:13'),(4257,'2017-11-22',1,2,'2017-11-26 14:06:13'),(4258,'2017-11-22',1,2,'2017-11-26 14:06:13'),(4259,'2017-11-22',1,2,'2017-11-26 14:06:13'),(4260,'2017-11-22',1,2,'2017-11-26 14:06:13'),(4261,'2017-11-22',1,2,'2017-11-26 14:06:13'),(4262,'2017-11-22',1,2,'2017-11-26 14:06:13'),(4263,'2017-11-22',1,2,'2017-11-26 14:06:13'),(4264,'2017-11-22',1,2,'2017-11-26 14:06:13'),(4265,'2017-11-22',1,2,'2017-11-26 14:06:13'),(4266,'2017-11-22',1,2,'2017-11-26 14:06:13'),(4267,'2017-11-22',1,2,'2017-11-26 14:06:13'),(4268,'2017-11-22',1,2,'2017-11-26 14:06:13'),(4269,'2017-11-22',1,2,'2017-11-26 14:06:13'),(4270,'2017-11-22',1,2,'2017-11-26 14:06:13'),(4271,'2017-10-6',1,2,'2017-11-26 14:06:13'),(4272,'2017-11-22',1,2,'2017-11-26 14:06:13'),(4273,'2017-11-22',1,2,'2017-11-26 14:06:14'),(4274,'2017-11-22',1,2,'2017-11-26 14:06:14'),(4275,'2017-10-6',1,2,'2017-11-26 14:06:14'),(4276,'2017-11-22',11,2,'2017-11-26 14:06:14'),(4277,'2017-11-22',1,2,'2017-11-26 14:06:14'),(4278,'2017-11-22',11,2,'2017-11-26 14:06:14'),(4279,'2017-11-22',1,2,'2017-11-26 14:06:14'),(4280,'2017-11-22',11,2,'2017-11-26 14:06:14'),(4281,'2017-11-22',1,2,'2017-11-26 14:06:14'),(4282,'2017-11-22',1,2,'2017-11-26 14:06:14'),(4283,'2017-11-22',1,2,'2017-11-26 14:06:14'),(4284,'2017-11-22',1,2,'2017-11-26 14:06:14'),(4285,'2017-10-6',1,2,'2017-11-26 14:06:14'),(4286,'2017-11-22',10,2,'2017-11-26 14:06:14'),(4287,'2017-11-22',10,2,'2017-11-26 14:06:14'),(4288,'2017-11-22',10,2,'2017-11-26 14:06:14'),(4289,'2017-10-6',1,2,'2017-11-26 14:06:14'),(4290,'2017-10-6',1,2,'2017-11-26 14:06:14'),(4291,'2017-10-6',1,2,'2017-11-26 14:06:14'),(4292,'2017-10-6',1,2,'2017-11-26 14:06:14'),(4293,'2017-10-5',1,2,'2017-11-26 14:06:14'),(4294,'2017-11-22',1,2,'2017-11-26 14:06:14'),(4295,'2017-11-22',1,2,'2017-11-26 14:06:14'),(4296,'2017-11-22',1,2,'2017-11-26 14:06:14'),(4297,'2017-11-22',1,2,'2017-11-26 14:06:14'),(4298,'2017-11-22',1,2,'2017-11-26 14:06:14'),(4299,'2017-11-22',1,2,'2017-11-26 14:06:15'),(4300,'2017-11-22',1,2,'2017-11-26 14:06:15'),(4301,'2017-11-22',1,2,'2017-11-26 14:06:15'),(4302,'2017-11-22',1,2,'2017-11-26 14:06:15'),(4303,'2017-10-6',1,2,'2017-11-26 14:06:15'),(4304,'2017-11-22',1,2,'2017-11-26 14:06:15'),(4305,'2017-11-22',1,2,'2017-11-26 14:06:15'),(4306,'2017-11-22',1,2,'2017-11-26 14:06:15'),(4307,'2017-11-22',1,2,'2017-11-26 14:06:15'),(4308,'2017-11-22',1,2,'2017-11-26 14:06:15'),(4309,'2017-11-22',1,2,'2017-11-26 14:06:15'),(4310,'2017-10-6',1,2,'2017-11-26 14:06:15'),(4311,'2017-10-6',1,2,'2017-11-26 14:06:15'),(4312,'2017-10-6',1,2,'2017-11-26 14:06:15'),(4313,'2017-10-5',1,2,'2017-11-26 14:06:15'),(4314,'2017-10-6',43,2,'2017-11-26 14:06:15'),(4315,'2017-11-22',1,2,'2017-11-26 14:06:15'),(4316,'2017-11-22',1,2,'2017-11-26 14:06:15'),(4317,'2017-11-22',1,2,'2017-11-26 14:06:15'),(4318,'2017-10-6',1,2,'2017-11-26 14:06:15'),(4319,'2017-10-6',1,3,'2017-11-26 14:06:15'),(4320,'2017-11-22',19,3,'2017-11-26 14:06:15'),(4321,'2017-11-22',19,3,'2017-11-26 14:06:15'),(4322,'2017-11-22',19,3,'2017-11-26 14:06:16'),(4323,'2017-10-5',1,3,'2017-11-26 14:06:16'),(4324,'2017-10-6',26,3,'2017-11-26 14:06:16'),(4325,'2017-10-6',1,3,'2017-11-26 14:06:16'),(4326,'2017-11-22',1,3,'2017-11-26 14:06:16'),(4327,'2017-11-22',1,3,'2017-11-26 14:06:16'),(4328,'2017-11-22',1,3,'2017-11-26 14:06:16'),(4329,'2017-11-22',1,3,'2017-11-26 14:06:16'),(4330,'2017-11-22',1,3,'2017-11-26 14:06:16'),(4331,'2017-11-22',1,3,'2017-11-26 14:06:16'),(4332,'2017-11-22',1,3,'2017-11-26 14:06:16'),(4333,'2017-11-22',1,3,'2017-11-26 14:06:16'),(4334,'2017-11-22',1,3,'2017-11-26 14:06:16'),(4335,'2017-10-6',1,3,'2017-11-26 14:06:16'),(4336,'2017-10-6',1,3,'2017-11-26 14:06:16'),(4337,'2017-10-6',1,3,'2017-11-26 14:06:16'),(4338,'2017-10-6',1,3,'2017-11-26 14:06:16'),(4339,'2017-11-22',1,3,'2017-11-26 14:06:16'),(4340,'2017-11-22',1,3,'2017-11-26 14:06:16'),(4341,'2017-11-22',1,3,'2017-11-26 14:06:16'),(4342,'2017-10-6',1,3,'2017-11-26 14:06:16'),(4343,'2017-10-6',1,3,'2017-11-26 14:06:16'),(4344,'2017-10-6',1,3,'2017-11-26 14:06:16'),(4345,'2017-11-22',1,3,'2017-11-26 14:06:17'),(4346,'2017-11-22',1,3,'2017-11-26 14:06:17'),(4347,'2017-11-22',1,3,'2017-11-26 14:06:17'),(4348,'2017-10-6',1,3,'2017-11-26 14:06:17'),(4349,'2017-10-6',1,3,'2017-11-26 14:06:17'),(4350,'2017-11-22',1,3,'2017-11-26 14:06:17'),(4351,'2017-11-22',35,3,'2017-11-26 14:06:17'),(4352,'2017-11-22',1,3,'2017-11-26 14:06:17'),(4353,'2017-11-22',35,3,'2017-11-26 14:06:17'),(4354,'2017-11-22',1,3,'2017-11-26 14:06:17'),(4355,'2017-11-22',35,3,'2017-11-26 14:06:17'),(4356,'2017-10-6',1,3,'2017-11-26 14:06:17'),(4357,'2017-11-22',1,3,'2017-11-26 14:06:17'),(4358,'2017-11-22',1,3,'2017-11-26 14:06:17'),(4359,'2017-11-22',1,3,'2017-11-26 14:06:17'),(4360,'2017-10-6',1,3,'2017-11-26 14:06:17'),(4361,'2017-10-6',1,3,'2017-11-26 14:06:17'),(4362,'2017-10-6',1,3,'2017-11-26 14:06:17'),(4363,'2017-10-6',19,3,'2017-11-26 14:06:17'),(4364,'2017-11-22',35,3,'2017-11-26 14:06:17'),(4365,'2017-11-22',35,3,'2017-11-26 14:06:17'),(4366,'2017-11-22',35,3,'2017-11-26 14:06:17'),(4367,'2017-10-6',1,3,'2017-11-26 14:06:18'),(4368,'2017-10-6',1,3,'2017-11-26 14:06:18'),(4369,'2017-10-6',1,3,'2017-11-26 14:06:18'),(4370,'2017-11-22',1,3,'2017-11-26 14:06:18'),(4371,'2017-11-22',1,3,'2017-11-26 14:06:18'),(4372,'2017-11-22',1,3,'2017-11-26 14:06:18'),(4373,'2017-10-5',14,3,'2017-11-26 14:06:18'),(4374,'2017-10-6',1,3,'2017-11-26 14:06:18'),(4375,'2017-10-6',1,3,'2017-11-26 14:06:18'),(4376,'2017-10-6',1,3,'2017-11-26 14:06:18'),(4377,'2017-11-22',1,3,'2017-11-26 14:06:18'),(4378,'2017-11-22',1,3,'2017-11-26 14:06:18'),(4379,'2017-11-22',1,3,'2017-11-26 14:06:18'),(4380,'2017-10-6',1,3,'2017-11-26 14:06:18'),(4381,'2017-10-6',1,3,'2017-11-26 14:06:18'),(4382,'2017-10-6',1,3,'2017-11-26 14:06:18'),(4383,'2017-11-22',1,3,'2017-11-26 14:06:18'),(4384,'2017-11-22',1,3,'2017-11-26 14:06:18'),(4385,'2017-11-22',1,3,'2017-11-26 14:06:18'),(4386,'2017-10-5',1,3,'2017-11-26 14:06:18'),(4387,'2017-10-6',1,3,'2017-11-26 14:06:18'),(4388,'2017-10-6',21,3,'2017-11-26 14:06:18'),(4389,'2017-10-6',41,3,'2017-11-26 14:06:18'),(4390,'2017-11-22',1,3,'2017-11-26 14:06:18'),(4391,'2017-11-22',1,3,'2017-11-26 14:06:18'),(4392,'2017-11-22',1,3,'2017-11-26 14:06:18'),(4393,'2017-10-6',26,3,'2017-11-26 14:06:19'),(4394,'2017-10-6',47,3,'2017-11-26 14:06:19'),(4395,'2017-10-6',1,3,'2017-11-26 14:06:19'),(4396,'2017-11-22',1,3,'2017-11-26 14:06:19'),(4397,'2017-11-22',1,3,'2017-11-26 14:06:19'),(4398,'2017-11-22',1,3,'2017-11-26 14:06:19'),(4399,'2017-11-22',1,3,'2017-11-26 14:06:19'),(4400,'2017-11-22',1,3,'2017-11-26 14:06:19'),(4401,'2017-11-22',1,3,'2017-11-26 14:06:19'),(4402,'2017-11-22',1,3,'2017-11-26 14:06:19'),(4403,'2017-11-22',1,3,'2017-11-26 14:06:19'),(4404,'2017-11-22',1,3,'2017-11-26 14:06:19'),(4405,'2017-10-6',1,3,'2017-11-26 14:06:19'),(4406,'2017-11-22',19,3,'2017-11-26 14:06:19'),(4407,'2017-11-22',19,3,'2017-11-26 14:06:19'),(4408,'2017-11-22',19,3,'2017-11-26 14:06:19'),(4409,'2017-10-6',10,3,'2017-11-26 14:06:19'),(4410,'2017-10-6',1,3,'2017-11-26 14:06:19'),(4411,'2017-10-6',1,3,'2017-11-26 14:06:19'),(4412,'2017-10-6',1,3,'2017-11-26 14:06:19'),(4413,'2017-10-6',1,3,'2017-11-26 14:06:19'),(4414,'2017-10-6',19,3,'2017-11-26 14:06:19'),(4415,'2017-10-6',1,3,'2017-11-26 14:06:19'),(4416,'2017-10-6',1,3,'2017-11-26 14:06:19'),(4417,'2017-10-6',1,3,'2017-11-26 14:06:19'),(4418,'2017-10-6',1,3,'2017-11-26 14:06:19'),(4419,'2017-11-22',1,3,'2017-11-26 14:06:19'),(4420,'2017-11-22',1,3,'2017-11-26 14:06:20'),(4421,'2017-11-22',1,3,'2017-11-26 14:06:20'),(4422,'2017-10-6',10,3,'2017-11-26 14:06:20'),(4423,'2017-10-6',1,3,'2017-11-26 14:06:20'),(4424,'2017-10-6',1,3,'2017-11-26 14:06:20'),(4425,'2017-10-6',1,3,'2017-11-26 14:06:20'),(4426,'2017-10-6',1,3,'2017-11-26 14:06:20'),(4427,'2017-10-6',1,3,'2017-11-26 14:06:20'),(4428,'2017-10-6',1,3,'2017-11-26 14:06:20'),(4429,'2017-10-5',1,3,'2017-11-26 14:06:20'),(4430,'2017-10-5',1,3,'2017-11-26 14:06:20'),(4431,'2017-10-5',1,3,'2017-11-26 14:06:20'),(4432,'2017-10-5',1,3,'2017-11-26 14:06:20'),(4433,'2017-10-6',1,3,'2017-11-26 14:06:20'),(4434,'2017-10-6',1,3,'2017-11-26 14:06:20'),(4435,'2017-11-22',1,3,'2017-11-26 14:06:20'),(4436,'2017-11-22',1,3,'2017-11-26 14:06:20'),(4437,'2017-11-22',1,3,'2017-11-26 14:06:20'),(4438,'2017-10-6',1,3,'2017-11-26 14:06:20'),(4439,'2017-11-22',1,3,'2017-11-26 14:06:20'),(4440,'2017-11-22',1,3,'2017-11-26 14:06:20'),(4441,'2017-11-22',1,3,'2017-11-26 14:06:20'),(4442,'2017-11-22',1,3,'2017-11-26 14:06:20'),(4443,'2017-11-22',1,3,'2017-11-26 14:06:20'),(4444,'2017-11-22',1,3,'2017-11-26 14:06:20'),(4445,'2017-10-6',1,3,'2017-11-26 14:06:21'),(4446,'2017-11-22',1,3,'2017-11-26 14:06:21'),(4447,'2017-11-22',1,3,'2017-11-26 14:06:21'),(4448,'2017-11-22',1,3,'2017-11-26 14:06:21'),(4449,'2017-11-22',1,3,'2017-11-26 14:06:21'),(4450,'2017-11-22',1,3,'2017-11-26 14:06:21'),(4451,'2017-11-22',1,3,'2017-11-26 14:06:21'),(4452,'2017-10-6',1,3,'2017-11-26 14:06:21'),(4453,'2017-10-6',1,3,'2017-11-26 14:06:21'),(4454,'2017-10-5',1,3,'2017-11-26 14:06:21'),(4455,'2017-10-6',1,3,'2017-11-26 14:06:21'),(4456,'2017-10-6',1,3,'2017-11-26 14:06:21'),(4457,'2017-10-6',1,3,'2017-11-26 14:06:21'),(4458,'2017-11-22',1,3,'2017-11-26 14:06:21'),(4459,'2017-11-22',1,3,'2017-11-26 14:06:21'),(4460,'2017-11-22',1,3,'2017-11-26 14:06:21'),(4461,'2017-10-6',1,3,'2017-11-26 14:06:21'),(4462,'2017-10-6',1,3,'2017-11-26 14:06:21'),(4463,'2017-11-22',1,3,'2017-11-26 14:06:21'),(4464,'2017-11-22',1,3,'2017-11-26 14:06:21'),(4465,'2017-11-22',1,3,'2017-11-26 14:06:21'),(4466,'2017-10-6',1,3,'2017-11-26 14:06:21'),(4467,'2017-10-6',1,3,'2017-11-26 14:06:22'),(4468,'2017-10-6',1,3,'2017-11-26 14:06:22'),(4469,'2017-10-5',1,3,'2017-11-26 14:06:22'),(4470,'2017-10-6',1,3,'2017-11-26 14:06:22'),(4471,'2017-10-6',1,3,'2017-11-26 14:06:22'),(4472,'2017-10-6',1,3,'2017-11-26 14:06:22'),(4473,'2017-10-5',1,3,'2017-11-26 14:06:22'),(4474,'2017-10-5',1,3,'2017-11-26 14:06:22'),(4475,'2017-10-6',1,3,'2017-11-26 14:06:22'),(4476,'2017-10-6',1,3,'2017-11-26 14:06:22'),(4477,'2017-10-5',13,3,'2017-11-26 14:06:22'),(4478,'2017-10-6',1,3,'2017-11-26 14:06:22'),(4479,'2017-10-5',1,3,'2017-11-26 14:06:22'),(4480,'2017-10-6',1,3,'2017-11-26 14:06:22'),(4481,'2017-11-22',1,3,'2017-11-26 14:06:22'),(4482,'2017-11-22',1,3,'2017-11-26 14:06:22'),(4483,'2017-11-22',1,3,'2017-11-26 14:06:22'),(4484,'2017-11-22',1,3,'2017-11-26 14:06:22'),(4485,'2017-11-22',1,3,'2017-11-26 14:06:22'),(4486,'2017-11-22',1,3,'2017-11-26 14:06:22'),(4487,'2017-10-6',1,3,'2017-11-26 14:06:22'),(4488,'2017-11-22',1,3,'2017-11-26 14:06:22'),(4489,'2017-11-22',1,3,'2017-11-26 14:06:22'),(4490,'2017-11-22',1,3,'2017-11-26 14:06:22'),(4491,'2017-10-6',1,3,'2017-11-26 14:06:22'),(4492,'2017-10-6',1,3,'2017-11-26 14:06:22'),(4493,'2017-10-6',1,3,'2017-11-26 14:06:23'),(4494,'2017-10-6',19,3,'2017-11-26 14:06:23'),(4495,'2017-10-6',1,3,'2017-11-26 14:06:23'),(4496,'2017-10-6',1,3,'2017-11-26 14:06:23'),(4497,'2017-10-6',1,3,'2017-11-26 14:06:23'),(4498,'2017-11-22',1,3,'2017-11-26 14:06:23'),(4499,'2017-11-22',1,3,'2017-11-26 14:06:23'),(4500,'2017-11-22',1,3,'2017-11-26 14:06:23'),(4501,'2017-10-6',1,3,'2017-11-26 14:06:23'),(4502,'2017-10-5',1,3,'2017-11-26 14:06:23'),(4503,'2017-10-6',19,3,'2017-11-26 14:06:23'),(4504,'2017-10-6',1,3,'2017-11-26 14:06:23'),(4505,'2017-10-6',1,3,'2017-11-26 14:06:23'),(4506,'2017-11-22',1,3,'2017-11-26 14:06:23'),(4507,'2017-11-22',1,3,'2017-11-26 14:06:23'),(4508,'2017-11-22',1,3,'2017-11-26 14:06:23'),(4509,'2017-11-22',1,3,'2017-11-26 14:06:23'),(4510,'2017-11-22',1,3,'2017-11-26 14:06:23'),(4511,'2017-11-22',1,3,'2017-11-26 14:06:23'),(4512,'2017-10-6',1,3,'2017-11-26 14:06:23'),(4513,'2017-10-6',1,3,'2017-11-26 14:06:23'),(4514,'2017-10-6',1,3,'2017-11-26 14:06:23'),(4515,'2017-10-6',1,3,'2017-11-26 14:06:23'),(4516,'2017-10-6',1,3,'2017-11-26 14:06:23'),(4517,'2017-10-5',1,3,'2017-11-26 14:06:23'),(4518,'2017-10-5',1,3,'2017-11-26 14:06:23'),(4519,'2017-10-6',19,3,'2017-11-26 14:06:23'),(4520,'2017-11-22',19,3,'2017-11-26 14:06:23'),(4521,'2017-11-22',19,3,'2017-11-26 14:06:23'),(4522,'2017-11-22',19,3,'2017-11-26 14:06:24'),(4523,'2017-10-5',1,3,'2017-11-26 14:06:24'),(4524,'2017-10-6',1,3,'2017-11-26 14:06:24'),(4525,'2017-10-6',1,3,'2017-11-26 14:06:24'),(4526,'2017-10-6',1,3,'2017-11-26 14:06:24'),(4527,'2017-10-6',1,3,'2017-11-26 14:06:24'),(4528,'2017-10-5',1,3,'2017-11-26 14:06:24'),(4529,'2017-10-6',26,3,'2017-11-26 14:06:24'),(4530,'2017-10-6',26,3,'2017-11-26 14:06:24'),(4531,'2017-10-6',1,3,'2017-11-26 14:06:24'),(4532,'2017-10-6',1,3,'2017-11-26 14:06:24'),(4533,'2017-10-6',1,3,'2017-11-26 14:06:24'),(4534,'2017-11-22',1,3,'2017-11-26 14:06:24'),(4535,'2017-11-22',1,3,'2017-11-26 14:06:24'),(4536,'2017-11-22',1,3,'2017-11-26 14:06:24'),(4537,'2017-10-6',1,3,'2017-11-26 14:06:24'),(4538,'2017-10-6',1,3,'2017-11-26 14:06:24'),(4539,'2017-10-6',1,3,'2017-11-26 14:06:24'),(4540,'2017-10-6',1,3,'2017-11-26 14:06:24'),(4541,'2017-10-6',1,3,'2017-11-26 14:06:24'),(4542,'2017-11-22',19,3,'2017-11-26 14:06:24'),(4543,'2017-11-22',19,3,'2017-11-26 14:06:24'),(4544,'2017-11-22',19,3,'2017-11-26 14:06:24'),(4545,'2017-10-5',1,3,'2017-11-26 14:06:24'),(4546,'2017-10-6',1,3,'2017-11-26 14:06:24'),(4547,'2017-11-22',1,3,'2017-11-26 14:06:24'),(4548,'2017-11-22',1,3,'2017-11-26 14:06:25'),(4549,'2017-11-22',1,3,'2017-11-26 14:06:25'),(4550,'2017-11-22',1,3,'2017-11-26 14:06:25'),(4551,'2017-11-22',1,3,'2017-11-26 14:06:25'),(4552,'2017-11-22',1,3,'2017-11-26 14:06:25'),(4553,'2017-10-6',1,3,'2017-11-26 14:06:25'),(4554,'2017-10-6',1,3,'2017-11-26 14:06:25'),(4555,'2017-10-6',1,3,'2017-11-26 14:06:25'),(4556,'2017-10-6',1,3,'2017-11-26 14:06:25'),(4557,'2017-11-22',19,3,'2017-11-26 14:06:25'),(4558,'2017-11-22',19,3,'2017-11-26 14:06:25'),(4559,'2017-11-22',19,3,'2017-11-26 14:06:25'),(4560,'2017-10-6',1,3,'2017-11-26 14:06:25'),(4561,'2017-10-6',1,3,'2017-11-26 14:06:25'),(4562,'2017-11-22',1,3,'2017-11-26 14:06:25'),(4563,'2017-11-22',1,3,'2017-11-26 14:06:25'),(4564,'2017-11-22',1,3,'2017-11-26 14:06:25'),(4565,'2017-10-6',1,3,'2017-11-26 14:06:25'),(4566,'2017-10-6',1,3,'2017-11-26 14:06:25'),(4567,'2017-10-6',5,3,'2017-11-26 14:06:25'),(4568,'2017-10-5',1,3,'2017-11-26 14:06:25'),(4569,'2017-10-6',1,3,'2017-11-26 14:06:25'),(4570,'2017-10-6',1,3,'2017-11-26 14:06:25'),(4571,'2017-10-6',1,3,'2017-11-26 14:06:26'),(4572,'2017-10-6',1,3,'2017-11-26 14:06:26'),(4573,'2017-11-22',1,3,'2017-11-26 14:06:26'),(4574,'2017-11-22',1,3,'2017-11-26 14:06:26'),(4575,'2017-11-22',1,3,'2017-11-26 14:06:26'),(4576,'2017-11-22',9,3,'2017-11-26 14:06:26'),(4577,'2017-11-22',9,3,'2017-11-26 14:06:26'),(4578,'2017-11-22',9,3,'2017-11-26 14:06:26'),(4579,'2017-11-22',1,3,'2017-11-26 14:06:26'),(4580,'2017-11-22',1,3,'2017-11-26 14:06:26'),(4581,'2017-11-22',1,3,'2017-11-26 14:06:26'),(4582,'2017-10-6',1,3,'2017-11-26 14:06:26'),(4583,'2017-10-5',1,3,'2017-11-26 14:06:26'),(4584,'2017-10-6',1,3,'2017-11-26 14:06:26'),(4585,'2017-10-6',47,3,'2017-11-26 14:06:26'),(4586,'2017-10-6',1,3,'2017-11-26 14:06:26'),(4587,'2017-10-6',1,3,'2017-11-26 14:06:26'),(4588,'2017-10-5',1,3,'2017-11-26 14:06:26'),(4589,'2017-10-6',1,3,'2017-11-26 14:06:26'),(4590,'2017-10-6',1,3,'2017-11-26 14:06:26'),(4591,'2017-10-6',1,3,'2017-11-26 14:06:26'),(4592,'2017-10-6',1,3,'2017-11-26 14:06:26'),(4593,'2017-10-6',1,3,'2017-11-26 14:06:27'),(4594,'2017-10-6',1,3,'2017-11-26 14:06:27'),(4595,'2017-11-22',1,3,'2017-11-26 14:06:27'),(4596,'2017-11-22',1,3,'2017-11-26 14:06:27'),(4597,'2017-11-22',1,3,'2017-11-26 14:06:27'),(4598,'2017-10-6',1,3,'2017-11-26 14:06:27'),(4599,'2017-10-6',1,3,'2017-11-26 14:06:27'),(4600,'2017-10-6',1,3,'2017-11-26 14:06:27'),(4601,'2017-10-6',1,3,'2017-11-26 14:06:27'),(4602,'2017-11-22',11,3,'2017-11-26 14:06:27'),(4603,'2017-11-22',1,3,'2017-11-26 14:06:27'),(4604,'2017-11-22',1,3,'2017-11-26 14:06:27'),(4605,'2017-11-22',11,3,'2017-11-26 14:06:27'),(4606,'2017-11-22',1,3,'2017-11-26 14:06:27'),(4607,'2017-11-22',1,3,'2017-11-26 14:06:27'),(4608,'2017-11-22',11,3,'2017-11-26 14:06:27'),(4609,'2017-11-22',1,3,'2017-11-26 14:06:27'),(4610,'2017-11-22',1,3,'2017-11-26 14:06:27'),(4611,'2017-11-22',1,3,'2017-11-26 14:06:27'),(4612,'2017-11-22',1,3,'2017-11-26 14:06:28'),(4613,'2017-11-22',1,3,'2017-11-26 14:06:28'),(4614,'2017-10-6',1,3,'2017-11-26 14:06:28'),(4615,'2017-10-5',1,3,'2017-11-26 14:06:28'),(4616,'2017-10-6',1,3,'2017-11-26 14:06:28'),(4617,'2017-10-6',47,3,'2017-11-26 14:06:28'),(4618,'2017-10-6',1,3,'2017-11-26 14:06:28'),(4619,'2017-10-6',1,3,'2017-11-26 14:06:28'),(4620,'2017-10-5',1,3,'2017-11-26 14:06:28'),(4621,'2017-10-6',1,3,'2017-11-26 14:06:28'),(4622,'2017-10-6',1,3,'2017-11-26 14:06:28'),(4623,'2017-10-6',1,3,'2017-11-26 14:06:28'),(4624,'2017-10-6',1,3,'2017-11-26 14:06:28'),(4625,'2017-10-6',1,3,'2017-11-26 14:06:28'),(4626,'2017-10-6',1,3,'2017-11-26 14:06:28'),(4627,'2017-11-22',1,3,'2017-11-26 14:06:28'),(4628,'2017-11-22',1,3,'2017-11-26 14:06:28'),(4629,'2017-11-22',1,3,'2017-11-26 14:06:28'),(4630,'2017-10-6',1,3,'2017-11-26 14:06:28'),(4631,'2017-10-6',1,3,'2017-11-26 14:06:28'),(4632,'2017-10-6',1,3,'2017-11-26 14:06:28'),(4633,'2017-10-6',1,3,'2017-11-26 14:06:28'),(4634,'2017-11-22',11,3,'2017-11-26 14:06:28'),(4635,'2017-11-22',1,3,'2017-11-26 14:06:28'),(4636,'2017-11-22',1,3,'2017-11-26 14:06:28'),(4637,'2017-11-22',11,3,'2017-11-26 14:06:28'),(4638,'2017-11-22',1,3,'2017-11-26 14:06:28'),(4639,'2017-11-22',1,3,'2017-11-26 14:06:29'),(4640,'2017-11-22',11,3,'2017-11-26 14:06:29'),(4641,'2017-11-22',1,3,'2017-11-26 14:06:29'),(4642,'2017-11-22',1,3,'2017-11-26 14:06:29'),(4643,'2017-11-22',1,3,'2017-11-26 14:06:29'),(4644,'2017-11-22',1,3,'2017-11-26 14:06:29'),(4645,'2017-11-22',1,3,'2017-11-26 14:06:29'),(4646,'2017-10-6',1,3,'2017-11-26 14:06:29'),(4647,'2017-10-6',1,3,'2017-11-26 14:06:29'),(4648,'2017-11-22',9,3,'2017-11-26 14:06:29'),(4649,'2017-11-22',9,3,'2017-11-26 14:06:29'),(4650,'2017-11-22',9,3,'2017-11-26 14:06:29'),(4651,'2017-10-5',1,3,'2017-11-26 14:06:29'),(4652,'2017-10-5',1,3,'2017-11-26 14:06:29'),(4653,'2017-10-6',1,3,'2017-11-26 14:06:29'),(4654,'2017-10-6',1,3,'2017-11-26 14:06:29'),(4655,'2017-10-5',1,3,'2017-11-26 14:06:29'),(4656,'2017-10-6',1,3,'2017-11-26 14:06:29'),(4657,'2017-10-6',1,3,'2017-11-26 14:06:29'),(4658,'2017-10-6',1,3,'2017-11-26 14:06:29'),(4659,'2017-10-6',1,3,'2017-11-26 14:06:29'),(4660,'2017-10-6',1,3,'2017-11-26 14:06:29'),(4661,'2017-10-5',1,3,'2017-11-26 14:06:29'),(4662,'2017-10-6',1,3,'2017-11-26 14:06:29'),(4663,'2017-10-6',1,3,'2017-11-26 14:06:29'),(4664,'2017-10-6',1,3,'2017-11-26 14:06:29'),(4665,'2017-10-6',1,3,'2017-11-26 14:06:29'),(4666,'2017-10-6',1,3,'2017-11-26 14:06:30'),(4667,'2017-10-6',1,3,'2017-11-26 14:06:30'),(4668,'2017-10-6',1,3,'2017-11-26 14:06:30'),(4669,'2017-11-22',1,3,'2017-11-26 14:06:30'),(4670,'2017-11-22',1,3,'2017-11-26 14:06:30'),(4671,'2017-11-22',1,3,'2017-11-26 14:06:30'),(4672,'2017-10-6',1,3,'2017-11-26 14:06:30'),(4673,'2017-10-6',1,3,'2017-11-26 14:06:30'),(4674,'2017-10-6',19,3,'2017-11-26 14:06:30'),(4675,'2017-11-22',1,3,'2017-11-26 14:06:30'),(4676,'2017-11-22',1,3,'2017-11-26 14:06:30'),(4677,'2017-11-22',1,3,'2017-11-26 14:06:30'),(4678,'2017-11-22',1,3,'2017-11-26 14:06:30'),(4679,'2017-11-22',1,3,'2017-11-26 14:06:30'),(4680,'2017-11-22',1,3,'2017-11-26 14:06:30'),(4681,'2017-10-5',1,3,'2017-11-26 14:06:30'),(4682,'2017-10-6',1,3,'2017-11-26 14:06:30'),(4683,'2017-10-6',1,3,'2017-11-26 14:06:30'),(4684,'2017-10-6',1,3,'2017-11-26 14:06:30'),(4685,'2017-10-6',1,3,'2017-11-26 14:06:30'),(4686,'2017-10-5',1,3,'2017-11-26 14:06:30'),(4687,'2017-10-6',1,3,'2017-11-26 14:06:30'),(4688,'2017-10-6',1,3,'2017-11-26 14:06:30'),(4689,'2017-10-6',1,3,'2017-11-26 14:06:30'),(4690,'2017-10-6',1,3,'2017-11-26 14:06:30'),(4691,'2017-10-6',1,3,'2017-11-26 14:06:31'),(4692,'2017-10-6',1,3,'2017-11-26 14:06:31'),(4693,'2017-10-6',1,3,'2017-11-26 14:06:31'),(4694,'2017-10-6',1,3,'2017-11-26 14:06:31'),(4695,'2017-11-22',1,3,'2017-11-26 14:06:31'),(4696,'2017-11-22',1,3,'2017-11-26 14:06:31'),(4697,'2017-11-22',1,3,'2017-11-26 14:06:31'),(4698,'2017-11-22',1,3,'2017-11-26 14:06:31'),(4699,'2017-11-22',1,3,'2017-11-26 14:06:31'),(4700,'2017-11-22',1,3,'2017-11-26 14:06:31'),(4701,'2017-10-5',1,3,'2017-11-26 14:06:31'),(4702,'2017-10-6',1,3,'2017-11-26 14:06:31'),(4703,'2017-10-6',1,3,'2017-11-26 14:06:31'),(4704,'2017-10-6',1,3,'2017-11-26 14:06:31'),(4705,'2017-10-6',19,3,'2017-11-26 14:06:31'),(4706,'2017-10-6',1,3,'2017-11-26 14:06:31'),(4707,'2017-10-6',1,3,'2017-11-26 14:06:31'),(4708,'2017-10-6',47,3,'2017-11-26 14:06:31'),(4709,'2017-11-22',1,3,'2017-11-26 14:06:31'),(4710,'2017-11-22',1,3,'2017-11-26 14:06:31'),(4711,'2017-11-22',1,3,'2017-11-26 14:06:31'),(4712,'2017-10-5',1,3,'2017-11-26 14:06:32'),(4713,'2017-10-5',1,3,'2017-11-26 14:06:32'),(4714,'2017-10-6',1,3,'2017-11-26 14:06:32'),(4715,'2017-10-6',1,3,'2017-11-26 14:06:32'),(4716,'2017-10-6',1,3,'2017-11-26 14:06:32'),(4717,'2017-11-22',1,3,'2017-11-26 14:06:32'),(4718,'2017-11-22',1,3,'2017-11-26 14:06:32'),(4719,'2017-11-22',1,3,'2017-11-26 14:06:32'),(4720,'2017-11-22',1,3,'2017-11-26 14:06:32'),(4721,'2017-11-22',1,3,'2017-11-26 14:06:32'),(4722,'2017-11-22',1,3,'2017-11-26 14:06:32'),(4723,'2017-10-6',18,3,'2017-11-26 14:06:32'),(4724,'2017-10-6',1,3,'2017-11-26 14:06:32'),(4725,'2017-10-6',1,3,'2017-11-26 14:06:32'),(4726,'2017-10-5',1,3,'2017-11-26 14:06:32'),(4727,'2017-10-5',1,3,'2017-11-26 14:06:32'),(4728,'2017-10-5',1,3,'2017-11-26 14:06:32'),(4729,'2017-10-6',5,3,'2017-11-26 14:06:32'),(4730,'2017-10-6',1,3,'2017-11-26 14:06:32'),(4731,'2017-10-6',1,3,'2017-11-26 14:06:32'),(4732,'2017-10-6',1,3,'2017-11-26 14:06:32'),(4733,'2017-11-22',19,3,'2017-11-26 14:06:32'),(4734,'2017-11-22',1,3,'2017-11-26 14:06:32'),(4735,'2017-11-22',19,3,'2017-11-26 14:06:32'),(4736,'2017-11-22',1,3,'2017-11-26 14:06:32'),(4737,'2017-11-22',19,3,'2017-11-26 14:06:33'),(4738,'2017-11-22',1,3,'2017-11-26 14:06:33'),(4739,'2017-10-6',19,3,'2017-11-26 14:06:33'),(4740,'2017-11-22',19,3,'2017-11-26 14:06:33'),(4741,'2017-11-22',1,3,'2017-11-26 14:06:33'),(4742,'2017-11-22',1,3,'2017-11-26 14:06:33'),(4743,'2017-11-22',1,3,'2017-11-26 14:06:33'),(4744,'2017-11-22',19,3,'2017-11-26 14:06:33'),(4745,'2017-11-22',1,3,'2017-11-26 14:06:33'),(4746,'2017-11-22',1,3,'2017-11-26 14:06:33'),(4747,'2017-11-22',1,3,'2017-11-26 14:06:33'),(4748,'2017-11-22',19,3,'2017-11-26 14:06:33'),(4749,'2017-11-22',1,3,'2017-11-26 14:06:33'),(4750,'2017-11-22',1,3,'2017-11-26 14:06:33'),(4751,'2017-11-22',1,3,'2017-11-26 14:06:33'),(4752,'2017-10-6',1,3,'2017-11-26 14:06:33'),(4753,'2017-10-6',1,3,'2017-11-26 14:06:33'),(4754,'2017-10-6',19,3,'2017-11-26 14:06:33'),(4755,'2017-10-6',1,3,'2017-11-26 14:06:33'),(4756,'2017-10-6',19,3,'2017-11-26 14:06:33'),(4757,'2017-10-6',1,3,'2017-11-26 14:06:33'),(4758,'2017-10-6',1,3,'2017-11-26 14:06:34'),(4759,'2017-11-22',1,3,'2017-11-26 14:06:34'),(4760,'2017-11-22',1,3,'2017-11-26 14:06:34'),(4761,'2017-11-22',1,3,'2017-11-26 14:06:34'),(4762,'2017-10-6',1,3,'2017-11-26 14:06:34'),(4763,'2017-10-6',1,3,'2017-11-26 14:06:34'),(4764,'2017-10-6',1,3,'2017-11-26 14:06:34'),(4765,'2017-10-6',1,3,'2017-11-26 14:06:34'),(4766,'2017-10-6',1,3,'2017-11-26 14:06:34'),(4767,'2017-10-6',1,3,'2017-11-26 14:06:34'),(4768,'2017-11-22',1,3,'2017-11-26 14:06:34'),(4769,'2017-11-22',1,3,'2017-11-26 14:06:34'),(4770,'2017-11-22',1,3,'2017-11-26 14:06:34'),(4771,'2017-10-6',1,3,'2017-11-26 14:06:34'),(4772,'2017-10-6',1,3,'2017-11-26 14:06:34'),(4773,'2017-10-6',1,3,'2017-11-26 14:06:34'),(4774,'2017-10-6',33,3,'2017-11-26 14:06:34'),(4775,'2017-10-6',19,3,'2017-11-26 14:06:34'),(4776,'2017-10-6',1,3,'2017-11-26 14:06:34'),(4777,'2017-11-22',19,3,'2017-11-26 14:06:34'),(4778,'2017-11-22',1,3,'2017-11-26 14:06:34'),(4779,'2017-11-22',14,3,'2017-11-26 14:06:34'),(4780,'2017-11-22',1,3,'2017-11-26 14:06:34'),(4781,'2017-11-22',19,3,'2017-11-26 14:06:34'),(4782,'2017-11-22',1,3,'2017-11-26 14:06:34'),(4783,'2017-11-22',14,3,'2017-11-26 14:06:35'),(4784,'2017-11-22',1,3,'2017-11-26 14:06:35'),(4785,'2017-11-22',19,3,'2017-11-26 14:06:35'),(4786,'2017-11-22',1,3,'2017-11-26 14:06:35'),(4787,'2017-11-22',14,3,'2017-11-26 14:06:35'),(4788,'2017-11-22',1,3,'2017-11-26 14:06:35'),(4789,'2017-10-5',1,3,'2017-11-26 14:06:35'),(4790,'2017-10-6',1,3,'2017-11-26 14:06:35'),(4791,'2017-10-6',1,3,'2017-11-26 14:06:35'),(4792,'2017-10-6',1,3,'2017-11-26 14:06:35'),(4793,'2017-10-6',1,3,'2017-11-26 14:06:35'),(4794,'2017-10-5',1,3,'2017-11-26 14:06:35'),(4795,'2017-10-6',1,3,'2017-11-26 14:06:35'),(4796,'2017-10-6',1,3,'2017-11-26 14:06:35'),(4797,'2017-11-22',5,3,'2017-11-26 14:06:35'),(4798,'2017-11-22',1,3,'2017-11-26 14:06:35'),(4799,'2017-11-22',1,3,'2017-11-26 14:06:35'),(4800,'2017-11-22',14,3,'2017-11-26 14:06:35'),(4801,'2017-11-22',5,3,'2017-11-26 14:06:35'),(4802,'2017-11-22',1,3,'2017-11-26 14:06:35'),(4803,'2017-11-22',1,3,'2017-11-26 14:06:35'),(4804,'2017-11-22',14,3,'2017-11-26 14:06:35'),(4805,'2017-11-22',5,3,'2017-11-26 14:06:36'),(4806,'2017-11-22',1,3,'2017-11-26 14:06:36'),(4807,'2017-11-22',1,3,'2017-11-26 14:06:36'),(4808,'2017-11-22',14,3,'2017-11-26 14:06:36'),(4809,'2017-10-6',1,3,'2017-11-26 14:06:36'),(4810,'2017-10-6',1,3,'2017-11-26 14:06:36'),(4811,'2017-10-6',33,3,'2017-11-26 14:06:36'),(4812,'2017-10-6',1,3,'2017-11-26 14:06:36'),(4813,'2017-10-6',1,3,'2017-11-26 14:06:36'),(4814,'2017-10-6',1,3,'2017-11-26 14:06:36'),(4815,'2017-10-6',1,3,'2017-11-26 14:06:36'),(4816,'2017-10-6',1,3,'2017-11-26 14:06:36'),(4817,'2017-11-22',1,3,'2017-11-26 14:06:36'),(4818,'2017-11-22',1,3,'2017-11-26 14:06:36'),(4819,'2017-11-22',19,3,'2017-11-26 14:06:36'),(4820,'2017-11-22',33,3,'2017-11-26 14:06:36'),(4821,'2017-11-22',1,3,'2017-11-26 14:06:36'),(4822,'2017-11-22',1,3,'2017-11-26 14:06:36'),(4823,'2017-11-22',19,3,'2017-11-26 14:06:36'),(4824,'2017-11-22',33,3,'2017-11-26 14:06:36'),(4825,'2017-11-22',1,3,'2017-11-26 14:06:36'),(4826,'2017-11-22',1,3,'2017-11-26 14:06:36'),(4827,'2017-11-22',19,3,'2017-11-26 14:06:37'),(4828,'2017-11-22',33,3,'2017-11-26 14:06:37'),(4829,'2017-10-6',1,3,'2017-11-26 14:06:37'),(4830,'2017-10-6',1,3,'2017-11-26 14:06:37'),(4831,'2017-10-6',19,3,'2017-11-26 14:06:37'),(4832,'2017-10-6',1,3,'2017-11-26 14:06:37'),(4833,'2017-10-6',1,3,'2017-11-26 14:06:37'),(4834,'2017-10-6',1,3,'2017-11-26 14:06:37'),(4835,'2017-10-6',19,3,'2017-11-26 14:06:37'),(4836,'2017-10-6',1,3,'2017-11-26 14:06:37'),(4837,'2017-10-6',1,3,'2017-11-26 14:06:37'),(4838,'2017-10-6',1,3,'2017-11-26 14:06:37'),(4839,'2017-10-6',1,3,'2017-11-26 14:06:37'),(4840,'2017-10-6',1,3,'2017-11-26 14:06:37'),(4841,'2017-10-6',1,3,'2017-11-26 14:06:37'),(4842,'2017-10-6',1,3,'2017-11-26 14:06:37'),(4843,'2017-10-6',1,3,'2017-11-26 14:06:37'),(4844,'2017-10-6',1,3,'2017-11-26 14:06:37'),(4845,'2017-10-6',1,3,'2017-11-26 14:06:37'),(4846,'2017-10-6',1,3,'2017-11-26 14:06:37'),(4847,'2017-10-6',1,3,'2017-11-26 14:06:37'),(4848,'2017-10-6',1,3,'2017-11-26 14:06:37'),(4849,'2017-10-6',1,3,'2017-11-26 14:06:38'),(4850,'2017-10-6',1,3,'2017-11-26 14:06:38'),(4851,'2017-11-22',1,3,'2017-11-26 14:06:38'),(4852,'2017-11-22',1,3,'2017-11-26 14:06:38'),(4853,'2017-11-22',47,3,'2017-11-26 14:06:38'),(4854,'2017-11-22',4,3,'2017-11-26 14:06:38'),(4855,'2017-11-22',1,3,'2017-11-26 14:06:38'),(4856,'2017-11-22',1,3,'2017-11-26 14:06:38'),(4857,'2017-11-22',47,3,'2017-11-26 14:06:38'),(4858,'2017-11-22',4,3,'2017-11-26 14:06:38'),(4859,'2017-11-22',1,3,'2017-11-26 14:06:38'),(4860,'2017-11-22',1,3,'2017-11-26 14:06:38'),(4861,'2017-11-22',47,3,'2017-11-26 14:06:38'),(4862,'2017-11-22',4,3,'2017-11-26 14:06:38'),(4863,'2017-10-5',1,3,'2017-11-26 14:06:38'),(4864,'2017-10-6',1,3,'2017-11-26 14:06:38'),(4865,'2017-10-6',1,3,'2017-11-26 14:06:38'),(4866,'2017-10-6',1,3,'2017-11-26 14:06:38'),(4867,'2017-10-6',1,3,'2017-11-26 14:06:38'),(4868,'2017-10-6',16,3,'2017-11-26 14:06:38'),(4869,'2017-10-6',1,3,'2017-11-26 14:06:38'),(4870,'2017-10-6',1,3,'2017-11-26 14:06:38'),(4871,'2017-10-6',1,3,'2017-11-26 14:06:38'),(4872,'2017-11-22',1,3,'2017-11-26 14:06:39'),(4873,'2017-11-22',1,3,'2017-11-26 14:06:39'),(4874,'2017-11-22',1,3,'2017-11-26 14:06:39'),(4875,'2017-11-22',1,3,'2017-11-26 14:06:39'),(4876,'2017-11-22',1,3,'2017-11-26 14:06:39'),(4877,'2017-11-22',1,3,'2017-11-26 14:06:39'),(4878,'2017-11-22',1,3,'2017-11-26 14:06:39'),(4879,'2017-11-22',1,3,'2017-11-26 14:06:39'),(4880,'2017-11-22',1,3,'2017-11-26 14:06:39'),(4881,'2017-10-6',1,3,'2017-11-26 14:06:39'),(4882,'2017-11-22',1,3,'2017-11-26 14:06:39'),(4883,'2017-11-22',1,3,'2017-11-26 14:06:39'),(4884,'2017-11-22',1,3,'2017-11-26 14:06:39'),(4885,'2017-11-22',1,3,'2017-11-26 14:06:39'),(4886,'2017-11-22',1,3,'2017-11-26 14:06:39'),(4887,'2017-11-22',1,3,'2017-11-26 14:06:39'),(4888,'2017-11-22',1,3,'2017-11-26 14:06:39'),(4889,'2017-11-22',1,3,'2017-11-26 14:06:39'),(4890,'2017-11-22',1,3,'2017-11-26 14:06:39'),(4891,'2017-11-22',1,3,'2017-11-26 14:06:39'),(4892,'2017-11-22',1,3,'2017-11-26 14:06:39'),(4893,'2017-11-22',1,3,'2017-11-26 14:06:39'),(4894,'2017-11-22',1,3,'2017-11-26 14:06:39'),(4895,'2017-11-22',1,3,'2017-11-26 14:06:39'),(4896,'2017-11-22',1,3,'2017-11-26 14:06:39'),(4897,'2017-11-22',1,3,'2017-11-26 14:06:39'),(4898,'2017-11-22',1,3,'2017-11-26 14:06:40'),(4899,'2017-11-22',1,3,'2017-11-26 14:06:40'),(4900,'2017-10-6',1,3,'2017-11-26 14:06:40'),(4901,'2017-10-6',1,3,'2017-11-26 14:06:40'),(4902,'2017-10-6',27,3,'2017-11-26 14:06:40'),(4903,'2017-10-6',1,3,'2017-11-26 14:06:40'),(4904,'2017-10-6',1,3,'2017-11-26 14:06:40'),(4905,'2017-10-6',1,3,'2017-11-26 14:06:40'),(4906,'2017-10-6',1,3,'2017-11-26 14:06:40'),(4907,'2017-10-6',1,3,'2017-11-26 14:06:40'),(4908,'2017-11-22',19,3,'2017-11-26 14:06:40'),(4909,'2017-11-22',1,3,'2017-11-26 14:06:40'),(4910,'2017-11-22',19,3,'2017-11-26 14:06:40'),(4911,'2017-11-22',1,3,'2017-11-26 14:06:40'),(4912,'2017-11-22',19,3,'2017-11-26 14:06:40'),(4913,'2017-11-22',1,3,'2017-11-26 14:06:40'),(4914,'2017-10-6',19,3,'2017-11-26 14:06:40'),(4915,'2017-11-22',19,3,'2017-11-26 14:06:40'),(4916,'2017-11-22',1,3,'2017-11-26 14:06:40'),(4917,'2017-11-22',1,3,'2017-11-26 14:06:40'),(4918,'2017-11-22',1,3,'2017-11-26 14:06:40'),(4919,'2017-11-22',19,3,'2017-11-26 14:06:40'),(4920,'2017-11-22',1,3,'2017-11-26 14:06:40'),(4921,'2017-11-22',1,3,'2017-11-26 14:06:40'),(4922,'2017-11-22',1,3,'2017-11-26 14:06:40'),(4923,'2017-11-22',19,3,'2017-11-26 14:06:41'),(4924,'2017-11-22',1,3,'2017-11-26 14:06:41'),(4925,'2017-11-22',1,3,'2017-11-26 14:06:41'),(4926,'2017-11-22',1,3,'2017-11-26 14:06:41'),(4927,'2017-10-6',1,3,'2017-11-26 14:06:41'),(4928,'2017-10-6',1,3,'2017-11-26 14:06:41'),(4929,'2017-10-6',19,3,'2017-11-26 14:06:41'),(4930,'2017-10-6',1,3,'2017-11-26 14:06:41'),(4931,'2017-10-6',19,3,'2017-11-26 14:06:41'),(4932,'2017-10-6',1,3,'2017-11-26 14:06:41'),(4933,'2017-10-6',1,3,'2017-11-26 14:06:41'),(4934,'2017-11-22',1,3,'2017-11-26 14:06:41'),(4935,'2017-11-22',1,3,'2017-11-26 14:06:41'),(4936,'2017-11-22',1,3,'2017-11-26 14:06:41'),(4937,'2017-10-6',1,3,'2017-11-26 14:06:41'),(4938,'2017-10-6',1,3,'2017-11-26 14:06:41'),(4939,'2017-10-6',1,3,'2017-11-26 14:06:41'),(4940,'2017-10-6',1,3,'2017-11-26 14:06:41'),(4941,'2017-10-6',1,3,'2017-11-26 14:06:41'),(4942,'2017-10-6',1,3,'2017-11-26 14:06:41'),(4943,'2017-11-22',1,3,'2017-11-26 14:06:41'),(4944,'2017-11-22',1,3,'2017-11-26 14:06:41'),(4945,'2017-11-22',1,3,'2017-11-26 14:06:41'),(4946,'2017-10-6',1,3,'2017-11-26 14:06:41'),(4947,'2017-10-6',1,3,'2017-11-26 14:06:41'),(4948,'2017-10-6',1,3,'2017-11-26 14:06:41'),(4949,'2017-10-6',33,3,'2017-11-26 14:06:41'),(4950,'2017-10-6',19,3,'2017-11-26 14:06:41'),(4951,'2017-10-6',1,3,'2017-11-26 14:06:42'),(4952,'2017-11-22',19,3,'2017-11-26 14:06:42'),(4953,'2017-11-22',1,3,'2017-11-26 14:06:42'),(4954,'2017-11-22',14,3,'2017-11-26 14:06:42'),(4955,'2017-11-22',1,3,'2017-11-26 14:06:42'),(4956,'2017-11-22',19,3,'2017-11-26 14:06:42'),(4957,'2017-11-22',1,3,'2017-11-26 14:06:42'),(4958,'2017-11-22',14,3,'2017-11-26 14:06:42'),(4959,'2017-11-22',1,3,'2017-11-26 14:06:42'),(4960,'2017-11-22',19,3,'2017-11-26 14:06:42'),(4961,'2017-11-22',1,3,'2017-11-26 14:06:42'),(4962,'2017-11-22',14,3,'2017-11-26 14:06:42'),(4963,'2017-11-22',1,3,'2017-11-26 14:06:42'),(4964,'2017-10-5',1,3,'2017-11-26 14:06:42'),(4965,'2017-10-6',1,3,'2017-11-26 14:06:42'),(4966,'2017-10-6',1,3,'2017-11-26 14:06:42'),(4967,'2017-10-6',1,3,'2017-11-26 14:06:42'),(4968,'2017-10-6',1,3,'2017-11-26 14:06:42'),(4969,'2017-10-5',1,3,'2017-11-26 14:06:42'),(4970,'2017-10-6',1,3,'2017-11-26 14:06:42'),(4971,'2017-10-6',1,3,'2017-11-26 14:06:42'),(4972,'2017-11-22',5,3,'2017-11-26 14:06:42'),(4973,'2017-11-22',1,3,'2017-11-26 14:06:42'),(4974,'2017-11-22',1,3,'2017-11-26 14:06:43'),(4975,'2017-11-22',14,3,'2017-11-26 14:06:43'),(4976,'2017-11-22',5,3,'2017-11-26 14:06:43'),(4977,'2017-11-22',1,3,'2017-11-26 14:06:43'),(4978,'2017-11-22',1,3,'2017-11-26 14:06:43'),(4979,'2017-11-22',14,3,'2017-11-26 14:06:43'),(4980,'2017-11-22',5,3,'2017-11-26 14:06:43'),(4981,'2017-11-22',1,3,'2017-11-26 14:06:43'),(4982,'2017-11-22',1,3,'2017-11-26 14:06:43'),(4983,'2017-11-22',14,3,'2017-11-26 14:06:43'),(4984,'2017-10-6',1,3,'2017-11-26 14:06:43'),(4985,'2017-10-6',1,3,'2017-11-26 14:06:43'),(4986,'2017-10-6',33,3,'2017-11-26 14:06:43'),(4987,'2017-10-6',1,3,'2017-11-26 14:06:43'),(4988,'2017-10-6',1,3,'2017-11-26 14:06:43'),(4989,'2017-10-6',1,3,'2017-11-26 14:06:43'),(4990,'2017-10-6',1,3,'2017-11-26 14:06:43'),(4991,'2017-10-6',1,3,'2017-11-26 14:06:43'),(4992,'2017-11-22',1,3,'2017-11-26 14:06:43'),(4993,'2017-11-22',1,3,'2017-11-26 14:06:43'),(4994,'2017-11-22',19,3,'2017-11-26 14:06:43'),(4995,'2017-11-22',33,3,'2017-11-26 14:06:43'),(4996,'2017-11-22',1,3,'2017-11-26 14:06:43'),(4997,'2017-11-22',1,3,'2017-11-26 14:06:43'),(4998,'2017-11-22',19,3,'2017-11-26 14:06:44'),(4999,'2017-11-22',33,3,'2017-11-26 14:06:44'),(5000,'2017-11-22',1,3,'2017-11-26 14:06:44'),(5001,'2017-11-22',1,3,'2017-11-26 14:06:44'),(5002,'2017-11-22',19,3,'2017-11-26 14:06:44'),(5003,'2017-11-22',33,3,'2017-11-26 14:06:44'),(5004,'2017-10-6',1,3,'2017-11-26 14:06:44'),(5005,'2017-10-6',1,3,'2017-11-26 14:06:44'),(5006,'2017-10-6',19,3,'2017-11-26 14:06:44'),(5007,'2017-10-6',1,3,'2017-11-26 14:06:44'),(5008,'2017-10-6',1,3,'2017-11-26 14:06:44'),(5009,'2017-10-6',1,3,'2017-11-26 14:06:44'),(5010,'2017-10-6',19,3,'2017-11-26 14:06:44'),(5011,'2017-10-6',1,3,'2017-11-26 14:06:44'),(5012,'2017-10-6',1,3,'2017-11-26 14:06:44'),(5013,'2017-10-6',1,3,'2017-11-26 14:06:44'),(5014,'2017-10-6',1,3,'2017-11-26 14:06:44'),(5015,'2017-10-6',1,3,'2017-11-26 14:06:44'),(5016,'2017-10-6',1,3,'2017-11-26 14:06:44'),(5017,'2017-10-6',1,3,'2017-11-26 14:06:44'),(5018,'2017-10-6',1,3,'2017-11-26 14:06:44'),(5019,'2017-10-6',1,3,'2017-11-26 14:06:44'),(5020,'2017-10-6',1,3,'2017-11-26 14:06:44'),(5021,'2017-10-6',1,3,'2017-11-26 14:06:44'),(5022,'2017-10-6',1,3,'2017-11-26 14:06:44'),(5023,'2017-10-6',1,3,'2017-11-26 14:06:45'),(5024,'2017-10-6',1,3,'2017-11-26 14:06:45'),(5025,'2017-10-6',1,3,'2017-11-26 14:06:45'),(5026,'2017-11-22',1,3,'2017-11-26 14:06:45'),(5027,'2017-11-22',1,3,'2017-11-26 14:06:45'),(5028,'2017-11-22',47,3,'2017-11-26 14:06:45'),(5029,'2017-11-22',4,3,'2017-11-26 14:06:45'),(5030,'2017-11-22',1,3,'2017-11-26 14:06:45'),(5031,'2017-11-22',1,3,'2017-11-26 14:06:45'),(5032,'2017-11-22',47,3,'2017-11-26 14:06:45'),(5033,'2017-11-22',4,3,'2017-11-26 14:06:45'),(5034,'2017-11-22',1,3,'2017-11-26 14:06:45'),(5035,'2017-11-22',1,3,'2017-11-26 14:06:45'),(5036,'2017-11-22',47,3,'2017-11-26 14:06:45'),(5037,'2017-11-22',4,3,'2017-11-26 14:06:45'),(5038,'2017-10-5',1,3,'2017-11-26 14:06:45'),(5039,'2017-10-6',1,3,'2017-11-26 14:06:45'),(5040,'2017-10-6',1,3,'2017-11-26 14:06:45'),(5041,'2017-10-6',1,3,'2017-11-26 14:06:45'),(5042,'2017-10-6',1,3,'2017-11-26 14:06:45'),(5043,'2017-10-6',16,3,'2017-11-26 14:06:45'),(5044,'2017-10-6',1,3,'2017-11-26 14:06:45'),(5045,'2017-10-6',1,3,'2017-11-26 14:06:45'),(5046,'2017-10-6',1,3,'2017-11-26 14:06:45'),(5047,'2017-11-22',1,3,'2017-11-26 14:06:45'),(5048,'2017-11-22',1,3,'2017-11-26 14:06:46'),(5049,'2017-11-22',1,3,'2017-11-26 14:06:46'),(5050,'2017-11-22',1,3,'2017-11-26 14:06:46'),(5051,'2017-11-22',1,3,'2017-11-26 14:06:46'),(5052,'2017-11-22',1,3,'2017-11-26 14:06:46'),(5053,'2017-11-22',1,3,'2017-11-26 14:06:46'),(5054,'2017-11-22',1,3,'2017-11-26 14:06:46'),(5055,'2017-11-22',1,3,'2017-11-26 14:06:46'),(5056,'2017-10-6',1,3,'2017-11-26 14:06:46'),(5057,'2017-11-22',1,3,'2017-11-26 14:06:46'),(5058,'2017-11-22',1,3,'2017-11-26 14:06:46'),(5059,'2017-11-22',1,3,'2017-11-26 14:06:46'),(5060,'2017-11-22',1,3,'2017-11-26 14:06:46'),(5061,'2017-11-22',1,3,'2017-11-26 14:06:46'),(5062,'2017-11-22',1,3,'2017-11-26 14:06:46'),(5063,'2017-11-22',1,3,'2017-11-26 14:06:46'),(5064,'2017-11-22',1,3,'2017-11-26 14:06:46'),(5065,'2017-11-22',1,3,'2017-11-26 14:06:46'),(5066,'2017-11-22',1,3,'2017-11-26 14:06:46'),(5067,'2017-11-22',1,3,'2017-11-26 14:06:46'),(5068,'2017-11-22',1,3,'2017-11-26 14:06:47'),(5069,'2017-11-22',1,3,'2017-11-26 14:06:47'),(5070,'2017-11-22',1,3,'2017-11-26 14:06:47'),(5071,'2017-11-22',1,3,'2017-11-26 14:06:47'),(5072,'2017-11-22',1,3,'2017-11-26 14:06:47'),(5073,'2017-11-22',1,3,'2017-11-26 14:06:47'),(5074,'2017-11-22',1,3,'2017-11-26 14:06:47'),(5075,'2017-10-6',1,3,'2017-11-26 14:06:47'),(5076,'2017-10-6',1,3,'2017-11-26 14:06:47'),(5077,'2017-10-6',27,3,'2017-11-26 14:06:47'),(5078,'2017-10-6',1,3,'2017-11-26 14:06:47'),(5079,'2017-10-6',1,3,'2017-11-26 14:06:47'),(5080,'2017-10-6',16,3,'2017-11-26 14:06:47'),(5081,'2017-11-22',1,3,'2017-11-26 14:06:47'),(5082,'2017-11-22',1,3,'2017-11-26 14:06:47'),(5083,'2017-11-22',1,3,'2017-11-26 14:06:47'),(5084,'2017-10-5',47,3,'2017-11-26 14:06:47'),(5085,'2017-10-6',1,3,'2017-11-26 14:06:47'),(5086,'2017-11-22',1,3,'2017-11-26 14:06:47'),(5087,'2017-11-22',1,3,'2017-11-26 14:06:47'),(5088,'2017-11-22',1,3,'2017-11-26 14:06:48'),(5089,'2017-10-5',1,3,'2017-11-26 14:06:48'),(5090,'2017-10-6',1,3,'2017-11-26 14:06:48'),(5091,'2017-10-6',1,3,'2017-11-26 14:06:48'),(5092,'2017-10-6',1,3,'2017-11-26 14:06:48'),(5093,'2017-10-6',1,3,'2017-11-26 14:06:48'),(5094,'2017-10-6',19,3,'2017-11-26 14:06:48'),(5095,'2017-10-6',1,3,'2017-11-26 14:06:48'),(5096,'2017-10-6',19,3,'2017-11-26 14:06:48'),(5097,'2017-10-22',1,3,'2017-11-26 14:06:48'),(5098,'2017-10-22',1,3,'2017-11-26 14:06:48'),(5099,'2017-10-22',1,3,'2017-11-26 14:06:48'),(5100,'2017-10-5',1,3,'2017-11-26 14:06:48'),(5101,'2017-10-6',1,3,'2017-11-26 14:06:48'),(5102,'2017-10-6',1,3,'2017-11-26 14:06:48'),(5103,'2017-10-6',1,3,'2017-11-26 14:06:48'),(5104,'2017-10-6',1,3,'2017-11-26 14:06:48'),(5105,'2017-10-5',1,3,'2017-11-26 14:06:48'),(5106,'2017-10-6',1,3,'2017-11-26 14:06:48'),(5107,'2017-10-6',1,3,'2017-11-26 14:06:48'),(5108,'2017-10-6',1,3,'2017-11-26 14:06:48'),(5109,'2017-10-6',1,3,'2017-11-26 14:06:48'),(5110,'2017-10-6',1,3,'2017-11-26 14:06:48'),(5111,'2017-10-6',1,3,'2017-11-26 14:06:48'),(5112,'2017-10-6',1,3,'2017-11-26 14:06:49'),(5113,'2017-10-6',1,3,'2017-11-26 14:06:49'),(5114,'2017-10-6',1,3,'2017-11-26 14:06:49'),(5115,'2017-10-6',1,3,'2017-11-26 14:06:49'),(5116,'2017-10-6',1,3,'2017-11-26 14:06:49'),(5117,'2017-10-6',1,3,'2017-11-26 14:06:49'),(5118,'2017-11-22',1,3,'2017-11-26 14:06:49'),(5119,'2017-11-22',1,3,'2017-11-26 14:06:49'),(5120,'2017-11-22',9,3,'2017-11-26 14:06:49'),(5121,'2017-11-22',1,3,'2017-11-26 14:06:49'),(5122,'2017-11-22',1,3,'2017-11-26 14:06:49'),(5123,'2017-11-22',9,3,'2017-11-26 14:06:49'),(5124,'2017-11-22',1,3,'2017-11-26 14:06:49'),(5125,'2017-11-22',1,3,'2017-11-26 14:06:49'),(5126,'2017-11-22',9,3,'2017-11-26 14:06:49'),(5127,'2017-10-5',1,3,'2017-11-26 14:06:49'),(5128,'2017-10-6',1,3,'2017-11-26 14:06:49'),(5129,'2017-10-6',1,3,'2017-11-26 14:06:49'),(5130,'2017-10-6',1,3,'2017-11-26 14:06:49'),(5131,'2017-10-6',1,3,'2017-11-26 14:06:49'),(5132,'2017-10-6',1,3,'2017-11-26 14:06:49'),(5133,'2017-10-6',1,3,'2017-11-26 14:06:49'),(5134,'2017-10-6',1,3,'2017-11-26 14:06:49'),(5135,'2017-10-6',1,3,'2017-11-26 14:06:49'),(5136,'2017-10-6',1,3,'2017-11-26 14:06:50'),(5137,'2017-10-6',1,3,'2017-11-26 14:06:50'),(5138,'2017-10-5',1,3,'2017-11-26 14:06:50'),(5139,'2017-10-6',1,3,'2017-11-26 14:06:50'),(5140,'2017-10-6',1,3,'2017-11-26 14:06:50'),(5141,'2017-10-6',47,3,'2017-11-26 14:06:50'),(5142,'2017-10-6',1,3,'2017-11-26 14:06:50'),(5143,'2017-10-6',1,3,'2017-11-26 14:06:50'),(5144,'2017-10-6',1,3,'2017-11-26 14:06:50'),(5145,'2017-10-6',1,3,'2017-11-26 14:06:50'),(5146,'2017-11-22',1,3,'2017-11-26 14:06:50'),(5147,'2017-11-22',1,3,'2017-11-26 14:06:50'),(5148,'2017-11-22',1,3,'2017-11-26 14:06:50'),(5149,'2017-11-22',1,3,'2017-11-26 14:06:50'),(5150,'2017-11-22',1,3,'2017-11-26 14:06:50'),(5151,'2017-11-22',1,3,'2017-11-26 14:06:50'),(5152,'2017-10-6',1,3,'2017-11-26 14:06:50'),(5153,'2017-10-6',1,3,'2017-11-26 14:06:50'),(5154,'2017-10-6',47,3,'2017-11-26 14:06:50'),(5155,'2017-11-22',1,3,'2017-11-26 14:06:50'),(5156,'2017-11-22',1,3,'2017-11-26 14:06:50'),(5157,'2017-11-22',1,3,'2017-11-26 14:06:50'),(5158,'2017-11-22',41,3,'2017-11-26 14:06:50'),(5159,'2017-11-22',5,3,'2017-11-26 14:06:50'),(5160,'2017-11-22',1,3,'2017-11-26 14:06:51'),(5161,'2017-11-22',1,3,'2017-11-26 14:06:51'),(5162,'2017-11-22',1,3,'2017-11-26 14:06:51'),(5163,'2017-11-22',41,3,'2017-11-26 14:06:51'),(5164,'2017-11-22',5,3,'2017-11-26 14:06:51'),(5165,'2017-11-22',1,3,'2017-11-26 14:06:51'),(5166,'2017-11-22',1,3,'2017-11-26 14:06:51'),(5167,'2017-11-22',1,3,'2017-11-26 14:06:51'),(5168,'2017-11-22',41,3,'2017-11-26 14:06:51'),(5169,'2017-11-22',5,3,'2017-11-26 14:06:51'),(5170,'2017-10-6',1,3,'2017-11-26 14:06:51'),(5171,'2017-10-6',1,3,'2017-11-26 14:06:51'),(5172,'2017-10-6',1,3,'2017-11-26 14:06:51'),(5173,'2017-11-22',1,3,'2017-11-26 14:06:51'),(5174,'2017-11-22',1,3,'2017-11-26 14:06:51'),(5175,'2017-11-22',1,3,'2017-11-26 14:06:51'),(5176,'2017-10-5',1,3,'2017-11-26 14:06:51'),(5177,'2017-11-22',2,4,'2017-11-26 14:06:51'),(5178,'2017-11-22',2,4,'2017-11-26 14:06:51'),(5179,'2017-11-22',2,4,'2017-11-26 14:06:51'),(5180,'2017-11-22',36,4,'2017-11-26 14:06:51'),(5181,'2017-11-22',36,4,'2017-11-26 14:06:52'),(5182,'2017-11-22',36,4,'2017-11-26 14:06:52'),(5183,'2017-10-6',1,4,'2017-11-26 14:06:52'),(5184,'2017-10-5',1,4,'2017-11-26 14:06:52'),(5185,'2017-10-6',1,4,'2017-11-26 14:06:52'),(5186,'2017-10-6',39,4,'2017-11-26 14:06:52'),(5187,'2017-10-6',1,4,'2017-11-26 14:06:52'),(5188,'2017-10-5',1,4,'2017-11-26 14:06:52'),(5189,'2017-10-5',47,4,'2017-11-26 14:06:52'),(5190,'2017-10-6',1,4,'2017-11-26 14:06:52'),(5191,'2017-10-5',1,4,'2017-11-26 14:06:52'),(5192,'2017-10-5',1,4,'2017-11-26 14:06:52'),(5193,'2017-10-6',1,4,'2017-11-26 14:06:52'),(5194,'2017-10-6',1,4,'2017-11-26 14:06:52'),(5195,'2017-11-22',1,4,'2017-11-26 14:06:52'),(5196,'2017-11-22',10,4,'2017-11-26 14:06:52'),(5197,'2017-11-22',47,4,'2017-11-26 14:06:52'),(5198,'2017-11-22',1,4,'2017-11-26 14:06:52'),(5199,'2017-11-22',47,4,'2017-11-26 14:06:52'),(5200,'2017-11-22',1,4,'2017-11-26 14:06:52'),(5201,'2017-11-22',10,4,'2017-11-26 14:06:52'),(5202,'2017-11-22',47,4,'2017-11-26 14:06:52'),(5203,'2017-11-22',1,4,'2017-11-26 14:06:52'),(5204,'2017-11-22',47,4,'2017-11-26 14:06:52'),(5205,'2017-11-22',1,4,'2017-11-26 14:06:53'),(5206,'2017-11-22',10,4,'2017-11-26 14:06:53'),(5207,'2017-11-22',47,4,'2017-11-26 14:06:53'),(5208,'2017-11-22',1,4,'2017-11-26 14:06:53'),(5209,'2017-11-22',47,4,'2017-11-26 14:06:53'),(5210,'2017-10-5',39,4,'2017-11-26 14:06:53'),(5211,'2017-10-6',1,4,'2017-11-26 14:06:53'),(5212,'2017-10-6',10,4,'2017-11-26 14:06:53'),(5213,'2017-11-22',1,4,'2017-11-26 14:06:53'),(5214,'2017-11-22',26,4,'2017-11-26 14:06:53'),(5215,'2017-11-22',1,4,'2017-11-26 14:06:53'),(5216,'2017-11-22',1,4,'2017-11-26 14:06:53'),(5217,'2017-11-22',26,4,'2017-11-26 14:06:53'),(5218,'2017-11-22',1,4,'2017-11-26 14:06:53'),(5219,'2017-11-22',1,4,'2017-11-26 14:06:53'),(5220,'2017-11-22',26,4,'2017-11-26 14:06:53'),(5221,'2017-11-22',1,4,'2017-11-26 14:06:53'),(5222,'2017-10-5',1,4,'2017-11-26 14:06:53'),(5223,'2017-10-5',1,4,'2017-11-26 14:06:53'),(5224,'2017-10-5',1,4,'2017-11-26 14:06:53'),(5225,'2017-10-6',1,4,'2017-11-26 14:06:53'),(5226,'2017-10-6',1,4,'2017-11-26 14:06:53'),(5227,'2017-11-22',47,4,'2017-11-26 14:06:53'),(5228,'2017-11-22',47,4,'2017-11-26 14:06:54'),(5229,'2017-11-22',47,4,'2017-11-26 14:06:54'),(5230,'2017-10-6',1,4,'2017-11-26 14:06:54'),(5231,'2017-10-6',1,4,'2017-11-26 14:06:54'),(5232,'2017-10-6',1,4,'2017-11-26 14:06:54'),(5233,'2017-10-6',1,4,'2017-11-26 14:06:54'),(5234,'2017-10-6',1,4,'2017-11-26 14:06:54'),(5235,'2017-10-6',1,4,'2017-11-26 14:06:54'),(5236,'2017-10-6',47,4,'2017-11-26 14:06:54'),(5237,'2017-11-22',19,4,'2017-11-26 14:06:54'),(5238,'2017-11-22',1,4,'2017-11-26 14:06:54'),(5239,'2017-11-22',1,4,'2017-11-26 14:06:54'),(5240,'2017-11-22',19,4,'2017-11-26 14:06:54'),(5241,'2017-11-22',1,4,'2017-11-26 14:06:54'),(5242,'2017-11-22',1,4,'2017-11-26 14:06:54'),(5243,'2017-11-22',19,4,'2017-11-26 14:06:54'),(5244,'2017-11-22',1,4,'2017-11-26 14:06:54'),(5245,'2017-11-22',1,4,'2017-11-26 14:06:54'),(5246,'2017-10-6',1,4,'2017-11-26 14:06:54'),(5247,'2017-10-6',1,4,'2017-11-26 14:06:54'),(5248,'2017-10-6',1,4,'2017-11-26 14:06:54'),(5249,'2017-10-6',1,4,'2017-11-26 14:06:54'),(5250,'2017-10-6',1,4,'2017-11-26 14:06:54'),(5251,'2017-11-22',1,4,'2017-11-26 14:06:54'),(5252,'2017-11-22',1,4,'2017-11-26 14:06:55'),(5253,'2017-11-22',1,4,'2017-11-26 14:06:55'),(5254,'2017-11-22',47,4,'2017-11-26 14:06:55'),(5255,'2017-11-22',1,4,'2017-11-26 14:06:55'),(5256,'2017-11-22',1,4,'2017-11-26 14:06:55'),(5257,'2017-11-22',1,4,'2017-11-26 14:06:55'),(5258,'2017-11-22',1,4,'2017-11-26 14:06:55'),(5259,'2017-11-22',1,4,'2017-11-26 14:06:55'),(5260,'2017-11-22',1,4,'2017-11-26 14:06:55'),(5261,'2017-11-22',47,4,'2017-11-26 14:06:55'),(5262,'2017-11-22',1,4,'2017-11-26 14:06:55'),(5263,'2017-11-22',1,4,'2017-11-26 14:06:55'),(5264,'2017-11-22',1,4,'2017-11-26 14:06:55'),(5265,'2017-11-22',1,4,'2017-11-26 14:06:55'),(5266,'2017-11-22',1,4,'2017-11-26 14:06:55'),(5267,'2017-11-22',1,4,'2017-11-26 14:06:55'),(5268,'2017-11-22',47,4,'2017-11-26 14:06:55'),(5269,'2017-11-22',1,4,'2017-11-26 14:06:55'),(5270,'2017-11-22',1,4,'2017-11-26 14:06:55'),(5271,'2017-11-22',1,4,'2017-11-26 14:06:55'),(5272,'2017-10-5',1,4,'2017-11-26 14:06:55'),(5273,'2017-10-6',1,4,'2017-11-26 14:06:55'),(5274,'2017-10-6',1,4,'2017-11-26 14:06:55'),(5275,'2017-10-6',1,4,'2017-11-26 14:06:55'),(5276,'2017-10-6',1,4,'2017-11-26 14:06:55'),(5277,'2017-10-6',1,4,'2017-11-26 14:06:56'),(5278,'2017-10-6',1,4,'2017-11-26 14:06:56'),(5279,'2017-11-22',12,4,'2017-11-26 14:06:56'),(5280,'2017-11-22',1,4,'2017-11-26 14:06:56'),(5281,'2017-11-22',1,4,'2017-11-26 14:06:56'),(5282,'2017-11-22',1,4,'2017-11-26 14:06:56'),(5283,'2017-11-22',12,4,'2017-11-26 14:06:56'),(5284,'2017-11-22',1,4,'2017-11-26 14:06:56'),(5285,'2017-11-22',1,4,'2017-11-26 14:06:56'),(5286,'2017-11-22',1,4,'2017-11-26 14:06:56'),(5287,'2017-11-22',12,4,'2017-11-26 14:06:56'),(5288,'2017-11-22',1,4,'2017-11-26 14:06:56'),(5289,'2017-11-22',1,4,'2017-11-26 14:06:56'),(5290,'2017-11-22',1,4,'2017-11-26 14:06:56'),(5291,'2017-10-6',1,4,'2017-11-26 14:06:56'),(5292,'2017-10-6',1,4,'2017-11-26 14:06:56'),(5293,'2017-10-6',1,4,'2017-11-26 14:06:56'),(5294,'2017-10-6',1,4,'2017-11-26 14:06:56'),(5295,'2017-11-22',1,4,'2017-11-26 14:06:56'),(5296,'2017-11-22',1,4,'2017-11-26 14:06:56'),(5297,'2017-11-22',1,4,'2017-11-26 14:06:56'),(5298,'2017-11-22',1,4,'2017-11-26 14:06:56'),(5299,'2017-11-22',1,4,'2017-11-26 14:06:56'),(5300,'2017-11-22',1,4,'2017-11-26 14:06:56'),(5301,'2017-11-22',11,4,'2017-11-26 14:06:56'),(5302,'2017-11-22',11,4,'2017-11-26 14:06:56'),(5303,'2017-11-22',11,4,'2017-11-26 14:06:57'),(5304,'2017-10-6',1,4,'2017-11-26 14:06:57'),(5305,'2017-11-22',1,4,'2017-11-26 14:06:57'),(5306,'2017-11-22',2,4,'2017-11-26 14:06:57'),(5307,'2017-11-22',2,4,'2017-11-26 14:06:57'),(5308,'2017-11-22',1,4,'2017-11-26 14:06:57'),(5309,'2017-11-22',2,4,'2017-11-26 14:06:57'),(5310,'2017-11-22',2,4,'2017-11-26 14:06:57'),(5311,'2017-11-22',1,4,'2017-11-26 14:06:57'),(5312,'2017-11-22',2,4,'2017-11-26 14:06:57'),(5313,'2017-11-22',2,4,'2017-11-26 14:06:57'),(5314,'2017-10-6',1,4,'2017-11-26 14:06:57'),(5315,'2017-10-6',1,4,'2017-11-26 14:06:57'),(5316,'2017-11-22',1,4,'2017-11-26 14:06:57'),(5317,'2017-11-22',1,4,'2017-11-26 14:06:57'),(5318,'2017-11-22',1,4,'2017-11-26 14:06:57'),(5319,'2017-10-6',1,4,'2017-11-26 14:06:57'),(5320,'2017-11-22',9,4,'2017-11-26 14:06:57'),(5321,'2017-11-22',9,4,'2017-11-26 14:06:57'),(5322,'2017-11-22',9,4,'2017-11-26 14:06:57'),(5323,'2017-11-22',1,4,'2017-11-26 14:06:57'),(5324,'2017-11-22',1,4,'2017-11-26 14:06:57'),(5325,'2017-11-22',1,4,'2017-11-26 14:06:57'),(5326,'2017-10-6',1,4,'2017-11-26 14:06:58'),(5327,'2017-11-22',39,4,'2017-11-26 14:06:58'),(5328,'2017-11-22',39,4,'2017-11-26 14:06:58'),(5329,'2017-11-22',39,4,'2017-11-26 14:06:58'),(5330,'2017-10-5',1,4,'2017-11-26 14:06:58'),(5331,'2017-11-22',1,4,'2017-11-26 14:06:58'),(5332,'2017-11-22',1,4,'2017-11-26 14:06:58'),(5333,'2017-11-22',1,4,'2017-11-26 14:06:58'),(5334,'2017-11-22',1,4,'2017-11-26 14:06:58'),(5335,'2017-11-22',1,4,'2017-11-26 14:06:58'),(5336,'2017-11-22',1,4,'2017-11-26 14:06:58'),(5337,'2017-11-22',1,4,'2017-11-26 14:06:58'),(5338,'2017-11-22',1,4,'2017-11-26 14:06:58'),(5339,'2017-11-22',1,4,'2017-11-26 14:06:58'),(5340,'2017-10-6',1,4,'2017-11-26 14:06:58'),(5341,'2017-10-6',1,4,'2017-11-26 14:06:58'),(5342,'2017-11-22',1,4,'2017-11-26 14:06:58'),(5343,'2017-11-22',1,4,'2017-11-26 14:06:58'),(5344,'2017-11-22',1,4,'2017-11-26 14:06:59'),(5345,'2017-11-22',1,4,'2017-11-26 14:06:59'),(5346,'2017-11-22',1,4,'2017-11-26 14:06:59'),(5347,'2017-11-22',1,4,'2017-11-26 14:06:59'),(5348,'2017-11-22',1,4,'2017-11-26 14:06:59'),(5349,'2017-11-22',1,4,'2017-11-26 14:06:59'),(5350,'2017-11-22',1,4,'2017-11-26 14:06:59'),(5351,'2017-10-6',1,4,'2017-11-26 14:06:59'),(5352,'2017-10-6',19,4,'2017-11-26 14:06:59'),(5353,'2017-11-22',1,4,'2017-11-26 14:06:59'),(5354,'2017-11-22',1,4,'2017-11-26 14:06:59'),(5355,'2017-11-22',1,4,'2017-11-26 14:06:59'),(5356,'2017-11-22',1,4,'2017-11-26 14:06:59'),(5357,'2017-11-22',1,4,'2017-11-26 14:06:59'),(5358,'2017-11-22',1,4,'2017-11-26 14:06:59'),(5359,'2017-10-6',1,4,'2017-11-26 14:06:59'),(5360,'2017-11-22',1,4,'2017-11-26 14:06:59'),(5361,'2017-11-22',1,4,'2017-11-26 14:06:59'),(5362,'2017-11-22',1,4,'2017-11-26 14:06:59'),(5363,'2017-11-22',47,4,'2017-11-26 14:06:59'),(5364,'2017-11-22',47,4,'2017-11-26 14:06:59'),(5365,'2017-11-22',47,4,'2017-11-26 14:06:59'),(5366,'2017-11-22',1,4,'2017-11-26 14:06:59'),(5367,'2017-11-22',1,4,'2017-11-26 14:06:59'),(5368,'2017-11-22',1,4,'2017-11-26 14:06:59'),(5369,'2017-10-6',10,4,'2017-11-26 14:07:00'),(5370,'2017-10-6',1,4,'2017-11-26 14:07:00'),(5371,'2017-10-6',1,4,'2017-11-26 14:07:00'),(5372,'2017-11-22',19,4,'2017-11-26 14:07:00'),(5373,'2017-11-22',19,4,'2017-11-26 14:07:00'),(5374,'2017-11-22',19,4,'2017-11-26 14:07:00'),(5375,'2017-10-6',1,4,'2017-11-26 14:07:00'),(5376,'2017-10-6',19,4,'2017-11-26 14:07:00'),(5377,'2017-11-22',1,4,'2017-11-26 14:07:00'),(5378,'2017-11-22',1,4,'2017-11-26 14:07:00'),(5379,'2017-11-22',1,4,'2017-11-26 14:07:00'),(5380,'2017-10-5',1,4,'2017-11-26 14:07:00'),(5381,'2017-10-6',1,4,'2017-11-26 14:07:00'),(5382,'2017-10-6',1,4,'2017-11-26 14:07:00'),(5383,'2017-10-6',1,4,'2017-11-26 14:07:00'),(5384,'2017-10-6',1,4,'2017-11-26 14:07:00'),(5385,'2017-10-6',1,4,'2017-11-26 14:07:00'),(5386,'2017-10-6',1,4,'2017-11-26 14:07:00'),(5387,'2017-10-6',1,4,'2017-11-26 14:07:00'),(5388,'2017-10-6',1,4,'2017-11-26 14:07:00'),(5389,'2017-10-5',1,4,'2017-11-26 14:07:00'),(5390,'2017-10-6',1,4,'2017-11-26 14:07:00'),(5391,'2017-11-22',47,4,'2017-11-26 14:07:01'),(5392,'2017-11-22',47,4,'2017-11-26 14:07:01'),(5393,'2017-11-22',47,4,'2017-11-26 14:07:01'),(5394,'2017-11-22',1,4,'2017-11-26 14:07:01'),(5395,'2017-11-22',1,4,'2017-11-26 14:07:01'),(5396,'2017-11-22',1,4,'2017-11-26 14:07:01'),(5397,'2017-10-6',1,4,'2017-11-26 14:07:01'),(5398,'2017-10-5',1,4,'2017-11-26 14:07:01'),(5399,'2017-10-6',1,4,'2017-11-26 14:07:01'),(5400,'2017-10-5',1,4,'2017-11-26 14:07:01'),(5401,'2017-10-6',1,4,'2017-11-26 14:07:01'),(5402,'2017-11-22',19,4,'2017-11-26 14:07:01'),(5403,'2017-11-22',19,4,'2017-11-26 14:07:01'),(5404,'2017-11-22',19,4,'2017-11-26 14:07:01'),(5405,'2017-10-6',1,4,'2017-11-26 14:07:01'),(5406,'2017-10-6',1,4,'2017-11-26 14:07:01'),(5407,'2017-11-22',22,4,'2017-11-26 14:07:01'),(5408,'2017-11-22',22,4,'2017-11-26 14:07:01'),(5409,'2017-11-22',22,4,'2017-11-26 14:07:01'),(5410,'2017-10-5',1,4,'2017-11-26 14:07:01'),(5411,'2017-10-6',1,4,'2017-11-26 14:07:01'),(5412,'2017-10-6',1,4,'2017-11-26 14:07:01'),(5413,'2017-10-6',1,4,'2017-11-26 14:07:01'),(5414,'2017-10-6',1,4,'2017-11-26 14:07:01'),(5415,'2017-10-6',1,4,'2017-11-26 14:07:01'),(5416,'2017-10-6',1,4,'2017-11-26 14:07:02'),(5417,'2017-10-6',1,4,'2017-11-26 14:07:02'),(5418,'2017-10-6',1,4,'2017-11-26 14:07:02'),(5419,'2017-10-5',1,4,'2017-11-26 14:07:02'),(5420,'2017-10-6',1,4,'2017-11-26 14:07:02'),(5421,'2017-10-6',1,4,'2017-11-26 14:07:02'),(5422,'2017-10-6',1,4,'2017-11-26 14:07:02'),(5423,'2017-10-6',1,4,'2017-11-26 14:07:02'),(5424,'2017-11-22',1,4,'2017-11-26 14:07:02'),(5425,'2017-11-22',1,4,'2017-11-26 14:07:02'),(5426,'2017-11-22',1,4,'2017-11-26 14:07:02'),(5427,'2017-10-6',1,4,'2017-11-26 14:07:02'),(5428,'2017-10-6',1,4,'2017-11-26 14:07:02'),(5429,'2017-10-6',1,4,'2017-11-26 14:07:02'),(5430,'2017-10-6',1,4,'2017-11-26 14:07:02'),(5431,'2017-10-6',1,4,'2017-11-26 14:07:02'),(5432,'2017-10-6',1,4,'2017-11-26 14:07:02'),(5433,'2017-10-6',1,4,'2017-11-26 14:07:02'),(5434,'2017-10-6',1,4,'2017-11-26 14:07:02'),(5435,'2017-10-6',19,4,'2017-11-26 14:07:02'),(5436,'2017-10-6',47,4,'2017-11-26 14:07:02'),(5437,'2017-10-6',14,4,'2017-11-26 14:07:02'),(5438,'2017-10-6',1,4,'2017-11-26 14:07:03'),(5439,'2017-10-6',1,4,'2017-11-26 14:07:03'),(5440,'2017-10-6',1,4,'2017-11-26 14:07:03'),(5441,'2017-11-22',1,4,'2017-11-26 14:07:03'),(5442,'2017-11-22',1,4,'2017-11-26 14:07:03'),(5443,'2017-11-22',1,4,'2017-11-26 14:07:03'),(5444,'2017-10-5',1,4,'2017-11-26 14:07:03'),(5445,'2017-10-6',1,4,'2017-11-26 14:07:03'),(5446,'2017-11-22',10,4,'2017-11-26 14:07:03'),(5447,'2017-11-22',10,4,'2017-11-26 14:07:03'),(5448,'2017-11-22',10,4,'2017-11-26 14:07:03'),(5449,'2017-10-6',1,4,'2017-11-26 14:07:03'),(5450,'2017-10-6',1,4,'2017-11-26 14:07:03'),(5451,'2017-10-6',51,4,'2017-11-26 14:07:03'),(5452,'2017-10-6',1,4,'2017-11-26 14:07:03'),(5453,'2017-11-22',47,4,'2017-11-26 14:07:03'),(5454,'2017-11-22',1,4,'2017-11-26 14:07:03'),(5455,'2017-11-22',47,4,'2017-11-26 14:07:03'),(5456,'2017-11-22',1,4,'2017-11-26 14:07:03'),(5457,'2017-11-22',47,4,'2017-11-26 14:07:03'),(5458,'2017-11-22',1,4,'2017-11-26 14:07:03'),(5459,'2017-10-6',1,4,'2017-11-26 14:07:03'),(5460,'2017-10-6',1,4,'2017-11-26 14:07:03'),(5461,'2017-11-22',1,4,'2017-11-26 14:07:04'),(5462,'2017-11-22',1,4,'2017-11-26 14:07:04'),(5463,'2017-11-22',1,4,'2017-11-26 14:07:04'),(5464,'2017-10-6',1,4,'2017-11-26 14:07:04'),(5465,'2017-10-6',1,4,'2017-11-26 14:07:04'),(5466,'2017-10-5',1,4,'2017-11-26 14:07:04'),(5467,'2017-10-6',1,4,'2017-11-26 14:07:04'),(5468,'2017-10-6',1,4,'2017-11-26 14:07:04'),(5469,'2017-10-6',1,4,'2017-11-26 14:07:04'),(5470,'2017-10-6',1,4,'2017-11-26 14:07:04'),(5471,'2017-10-6',1,4,'2017-11-26 14:07:04'),(5472,'2017-10-6',1,4,'2017-11-26 14:07:04'),(5473,'2017-10-6',1,4,'2017-11-26 14:07:04'),(5474,'2017-10-6',1,4,'2017-11-26 14:07:04'),(5475,'2017-10-6',1,4,'2017-11-26 14:07:04'),(5476,'2017-11-22',1,4,'2017-11-26 14:07:04'),(5477,'2017-11-22',1,4,'2017-11-26 14:07:04'),(5478,'2017-11-22',1,4,'2017-11-26 14:07:04'),(5479,'2017-10-6',1,4,'2017-11-26 14:07:04'),(5480,'2017-10-6',1,4,'2017-11-26 14:07:04'),(5481,'2017-10-6',10,4,'2017-11-26 14:07:04'),(5482,'2017-10-6',1,4,'2017-11-26 14:07:04'),(5483,'2017-10-6',1,4,'2017-11-26 14:07:04'),(5484,'2017-10-6',1,4,'2017-11-26 14:07:04'),(5485,'2017-10-6',1,4,'2017-11-26 14:07:04'),(5486,'2017-10-6',9,4,'2017-11-26 14:07:05'),(5487,'2017-11-22',1,4,'2017-11-26 14:07:05'),(5488,'2017-11-22',1,4,'2017-11-26 14:07:05'),(5489,'2017-11-22',1,4,'2017-11-26 14:07:05'),(5490,'2017-10-5',1,4,'2017-11-26 14:07:05'),(5491,'2017-10-5',1,4,'2017-11-26 14:07:05'),(5492,'2017-10-6',1,4,'2017-11-26 14:07:05'),(5493,'2017-10-6',1,4,'2017-11-26 14:07:05'),(5494,'2017-10-6',1,4,'2017-11-26 14:07:05'),(5495,'2017-11-22',1,4,'2017-11-26 14:07:05'),(5496,'2017-11-22',1,4,'2017-11-26 14:07:05'),(5497,'2017-11-22',1,4,'2017-11-26 14:07:05'),(5498,'2017-10-5',1,4,'2017-11-26 14:07:05'),(5499,'2017-10-6',1,4,'2017-11-26 14:07:05'),(5500,'2017-10-6',1,4,'2017-11-26 14:07:05'),(5501,'2017-11-22',1,4,'2017-11-26 14:07:05'),(5502,'2017-11-22',1,4,'2017-11-26 14:07:05'),(5503,'2017-11-22',1,4,'2017-11-26 14:07:05'),(5504,'2017-11-22',1,4,'2017-11-26 14:07:05'),(5505,'2017-11-22',1,4,'2017-11-26 14:07:05'),(5506,'2017-11-22',1,4,'2017-11-26 14:07:05'),(5507,'2017-11-22',1,4,'2017-11-26 14:07:05'),(5508,'2017-11-22',1,4,'2017-11-26 14:07:05'),(5509,'2017-11-22',1,4,'2017-11-26 14:07:06'),(5510,'2017-10-6',1,4,'2017-11-26 14:07:06'),(5511,'2017-10-6',1,4,'2017-11-26 14:07:06'),(5512,'2017-10-6',1,4,'2017-11-26 14:07:06'),(5513,'2017-10-6',1,4,'2017-11-26 14:07:06'),(5514,'2017-11-22',1,4,'2017-11-26 14:07:06'),(5515,'2017-11-22',1,4,'2017-11-26 14:07:06'),(5516,'2017-11-22',1,4,'2017-11-26 14:07:06'),(5517,'2017-10-6',1,4,'2017-11-26 14:07:06'),(5518,'2017-11-22',1,4,'2017-11-26 14:07:06'),(5519,'2017-11-22',1,4,'2017-11-26 14:07:06'),(5520,'2017-11-22',1,4,'2017-11-26 14:07:06'),(5521,'2017-10-5',1,4,'2017-11-26 14:07:06'),(5522,'2017-10-5',1,4,'2017-11-26 14:07:06'),(5523,'2017-10-5',1,4,'2017-11-26 14:07:06'),(5524,'2017-10-5',1,4,'2017-11-26 14:07:06'),(5525,'2017-10-6',1,4,'2017-11-26 14:07:06'),(5526,'2017-11-22',1,4,'2017-11-26 14:07:06'),(5527,'2017-11-22',1,4,'2017-11-26 14:07:06'),(5528,'2017-11-22',1,4,'2017-11-26 14:07:06'),(5529,'2017-10-5',1,4,'2017-11-26 14:07:06'),(5530,'2017-10-6',1,4,'2017-11-26 14:07:06'),(5531,'2017-10-6',1,4,'2017-11-26 14:07:07'),(5532,'2017-10-6',1,4,'2017-11-26 14:07:07'),(5533,'2017-10-6',1,4,'2017-11-26 14:07:07'),(5534,'2017-10-6',1,4,'2017-11-26 14:07:07'),(5535,'2017-10-5',1,4,'2017-11-26 14:07:07'),(5536,'2017-10-6',1,5,'2017-11-26 14:07:07'),(5537,'2017-10-6',1,5,'2017-11-26 14:07:07'),(5538,'2017-10-7',1,5,'2017-11-26 14:07:07'),(5539,'2017-10-5',1,5,'2017-11-26 14:07:07'),(5540,'2017-10-6',1,5,'2017-11-26 14:07:07'),(5541,'2017-10-6',1,5,'2017-11-26 14:07:07'),(5542,'2017-11-22',1,5,'2017-11-26 14:07:07'),(5543,'2017-11-22',1,5,'2017-11-26 14:07:07'),(5544,'2017-11-22',1,5,'2017-11-26 14:07:07'),(5545,'2017-10-5',1,5,'2017-11-26 14:07:07'),(5546,'2017-10-6',1,5,'2017-11-26 14:07:07'),(5547,'2017-10-6',1,5,'2017-11-26 14:07:07'),(5548,'2017-10-6',1,5,'2017-11-26 14:07:07'),(5549,'2017-10-6',1,5,'2017-11-26 14:07:07'),(5550,'2017-10-6',1,5,'2017-11-26 14:07:07'),(5551,'2017-11-22',1,5,'2017-11-26 14:07:07'),(5552,'2017-11-22',1,5,'2017-11-26 14:07:07'),(5553,'2017-11-22',1,5,'2017-11-26 14:07:07'),(5554,'2017-10-6',1,5,'2017-11-26 14:07:08'),(5555,'2017-10-6',1,5,'2017-11-26 14:07:08'),(5556,'2017-10-6',1,5,'2017-11-26 14:07:08'),(5557,'2017-10-6',1,5,'2017-11-26 14:07:08'),(5558,'2017-11-22',1,5,'2017-11-26 14:07:08'),(5559,'2017-11-22',1,5,'2017-11-26 14:07:08'),(5560,'2017-11-22',1,5,'2017-11-26 14:07:08'),(5561,'2017-10-6',1,5,'2017-11-26 14:07:08'),(5562,'2017-10-6',1,5,'2017-11-26 14:07:08'),(5563,'2017-10-6',1,5,'2017-11-26 14:07:08'),(5564,'2017-10-7',1,5,'2017-11-26 14:07:08'),(5565,'2017-10-5',1,5,'2017-11-26 14:07:08'),(5566,'2017-10-6',1,5,'2017-11-26 14:07:08'),(5567,'2017-10-6',1,5,'2017-11-26 14:07:08'),(5568,'2017-11-22',1,5,'2017-11-26 14:07:08'),(5569,'2017-11-22',1,5,'2017-11-26 14:07:08'),(5570,'2017-11-22',1,5,'2017-11-26 14:07:08'),(5571,'2017-10-5',1,5,'2017-11-26 14:07:08'),(5572,'2017-10-6',1,5,'2017-11-26 14:07:08'),(5573,'2017-10-6',1,5,'2017-11-26 14:07:08'),(5574,'2017-10-6',1,5,'2017-11-26 14:07:08'),(5575,'2017-10-6',1,5,'2017-11-26 14:07:08'),(5576,'2017-10-6',1,5,'2017-11-26 14:07:08'),(5577,'2017-11-22',1,5,'2017-11-26 14:07:09'),(5578,'2017-11-22',1,5,'2017-11-26 14:07:09'),(5579,'2017-11-22',1,5,'2017-11-26 14:07:09'),(5580,'2017-10-6',1,5,'2017-11-26 14:07:09'),(5581,'2017-10-6',1,5,'2017-11-26 14:07:09'),(5582,'2017-10-6',1,5,'2017-11-26 14:07:09'),(5583,'2017-10-6',1,5,'2017-11-26 14:07:09'),(5584,'2017-11-22',1,5,'2017-11-26 14:07:09'),(5585,'2017-11-22',1,5,'2017-11-26 14:07:09'),(5586,'2017-11-22',1,5,'2017-11-26 14:07:09'),(5587,'2017-10-6',1,5,'2017-11-26 14:07:09'),(5588,'2017-11-22',1,5,'2017-11-26 14:07:09'),(5589,'2017-11-22',1,5,'2017-11-26 14:07:09'),(5590,'2017-11-22',1,5,'2017-11-26 14:07:09'),(5591,'2017-10-6',1,5,'2017-11-26 14:07:09'),(5592,'2017-10-6',1,1,'2017-11-28 01:44:36'),(5593,'2017-10-6',27,1,'2017-11-28 01:44:36'),(5594,'2017-10-6',1,1,'2017-11-28 01:44:36'),(5595,'2017-11-22',1,1,'2017-11-28 01:44:36'),(5596,'2017-11-22',1,1,'2017-11-28 01:44:36'),(5597,'2017-11-22',1,1,'2017-11-28 01:44:37'),(5598,'2017-10-6',1,1,'2017-11-28 01:44:37'),(5599,'2017-10-6',1,1,'2017-11-28 01:44:37'),(5600,'2017-11-22',1,1,'2017-11-28 01:44:37'),(5601,'2017-11-22',1,1,'2017-11-28 01:44:37'),(5602,'2017-11-22',1,1,'2017-11-28 01:44:37'),(5603,'2017-11-22',1,1,'2017-11-28 01:44:37'),(5604,'2017-11-22',1,1,'2017-11-28 01:44:37'),(5605,'2017-11-22',1,1,'2017-11-28 01:44:37'),(5606,'2017-10-6',9,1,'2017-11-28 01:44:37'),(5607,'2017-11-22',1,1,'2017-11-28 01:44:37'),(5608,'2017-11-22',1,1,'2017-11-28 01:44:37'),(5609,'2017-11-22',1,1,'2017-11-28 01:44:37'),(5610,'2017-11-22',1,1,'2017-11-28 01:44:37'),(5611,'2017-11-22',1,1,'2017-11-28 01:44:37'),(5612,'2017-11-22',1,1,'2017-11-28 01:44:37'),(5613,'2017-10-6',1,1,'2017-11-28 01:44:37'),(5614,'2017-10-6',1,1,'2017-11-28 01:44:37'),(5615,'2017-10-6',1,1,'2017-11-28 01:44:37'),(5616,'2017-10-6',1,1,'2017-11-28 01:44:37'),(5617,'2017-11-22',1,1,'2017-11-28 01:44:37'),(5618,'2017-11-22',1,1,'2017-11-28 01:44:37'),(5619,'2017-11-22',1,1,'2017-11-28 01:44:37'),(5620,'2017-10-6',1,1,'2017-11-28 01:44:38'),(5621,'2017-10-6',1,1,'2017-11-28 01:44:38'),(5622,'2017-10-6',1,1,'2017-11-28 01:44:38'),(5623,'2017-11-22',1,1,'2017-11-28 01:44:38'),(5624,'2017-11-22',1,1,'2017-11-28 01:44:38'),(5625,'2017-11-22',1,1,'2017-11-28 01:44:38'),(5626,'2017-11-22',1,1,'2017-11-28 01:44:38'),(5627,'2017-11-22',1,1,'2017-11-28 01:44:38'),(5628,'2017-11-22',1,1,'2017-11-28 01:44:38'),(5629,'2017-10-6',1,1,'2017-11-28 01:44:38'),(5630,'2017-10-6',1,1,'2017-11-28 01:44:38'),(5631,'2017-10-6',1,1,'2017-11-28 01:44:38'),(5632,'2017-10-6',1,1,'2017-11-28 01:44:38'),(5633,'2017-10-6',1,1,'2017-11-28 01:44:38'),(5634,'2017-10-6',1,1,'2017-11-28 01:44:38'),(5635,'2017-10-6',1,1,'2017-11-28 01:44:38'),(5636,'2017-10-6',1,1,'2017-11-28 01:44:38'),(5637,'2017-10-6',1,1,'2017-11-28 01:44:38'),(5638,'2017-10-6',1,1,'2017-11-28 01:44:38'),(5639,'2017-10-6',1,1,'2017-11-28 01:44:38'),(5640,'2017-10-6',1,1,'2017-11-28 01:44:38'),(5641,'2017-10-6',1,1,'2017-11-28 01:44:38'),(5642,'2017-11-22',1,1,'2017-11-28 01:44:38'),(5643,'2017-11-22',1,1,'2017-11-28 01:44:39'),(5644,'2017-11-22',1,1,'2017-11-28 01:44:39'),(5645,'2017-10-6',1,1,'2017-11-28 01:44:39'),(5646,'2017-10-6',1,1,'2017-11-28 01:44:39'),(5647,'2017-10-6',1,1,'2017-11-28 01:44:39'),(5648,'2017-10-6',1,1,'2017-11-28 01:44:39'),(5649,'2017-10-6',1,1,'2017-11-28 01:44:39'),(5650,'2017-10-6',1,1,'2017-11-28 01:44:39'),(5651,'2017-11-22',1,1,'2017-11-28 01:44:39'),(5652,'2017-11-22',1,1,'2017-11-28 01:44:39'),(5653,'2017-11-22',1,1,'2017-11-28 01:44:39'),(5654,'2017-10-5',1,1,'2017-11-28 01:44:39'),(5655,'2017-10-6',1,1,'2017-11-28 01:44:39'),(5656,'2017-10-6',1,1,'2017-11-28 01:44:39'),(5657,'2017-10-6',1,1,'2017-11-28 01:44:39'),(5658,'2017-11-22',1,1,'2017-11-28 01:44:39'),(5659,'2017-11-22',13,1,'2017-11-28 01:44:39'),(5660,'2017-11-22',1,1,'2017-11-28 01:44:39'),(5661,'2017-11-22',1,1,'2017-11-28 01:44:39'),(5662,'2017-11-22',13,1,'2017-11-28 01:44:39'),(5663,'2017-11-22',1,1,'2017-11-28 01:44:39'),(5664,'2017-11-22',1,1,'2017-11-28 01:44:39'),(5665,'2017-11-22',13,1,'2017-11-28 01:44:39'),(5666,'2017-11-22',1,1,'2017-11-28 01:44:40'),(5667,'2017-10-6',1,1,'2017-11-28 01:44:40'),(5668,'2017-10-6',1,1,'2017-11-28 01:44:40'),(5669,'2017-11-22',1,1,'2017-11-28 01:44:40'),(5670,'2017-11-22',1,1,'2017-11-28 01:44:40'),(5671,'2017-11-22',1,1,'2017-11-28 01:44:40'),(5672,'2017-10-6',1,1,'2017-11-28 01:44:40'),(5673,'2017-10-6',1,1,'2017-11-28 01:44:40'),(5674,'2017-11-22',19,1,'2017-11-28 01:44:40'),(5675,'2017-11-22',9,1,'2017-11-28 01:44:40'),(5676,'2017-11-22',1,1,'2017-11-28 01:44:40'),(5677,'2017-11-22',19,1,'2017-11-28 01:44:40'),(5678,'2017-11-22',9,1,'2017-11-28 01:44:40'),(5679,'2017-11-22',1,1,'2017-11-28 01:44:40'),(5680,'2017-11-22',19,1,'2017-11-28 01:44:40'),(5681,'2017-11-22',9,1,'2017-11-28 01:44:40'),(5682,'2017-11-22',1,1,'2017-11-28 01:44:40'),(5683,'2017-10-6',1,1,'2017-11-28 01:44:40'),(5684,'2017-10-6',1,1,'2017-11-28 01:44:40'),(5685,'2017-11-22',1,1,'2017-11-28 01:44:41'),(5686,'2017-11-22',1,1,'2017-11-28 01:44:41'),(5687,'2017-11-22',1,1,'2017-11-28 01:44:41'),(5688,'2017-11-22',1,1,'2017-11-28 01:44:41'),(5689,'2017-11-22',1,1,'2017-11-28 01:44:41'),(5690,'2017-11-22',1,1,'2017-11-28 01:44:41'),(5691,'2017-11-22',1,1,'2017-11-28 01:44:41'),(5692,'2017-11-22',1,1,'2017-11-28 01:44:41'),(5693,'2017-11-22',1,1,'2017-11-28 01:44:41'),(5694,'2017-11-22',1,1,'2017-11-28 01:44:41'),(5695,'2017-11-22',1,1,'2017-11-28 01:44:41'),(5696,'2017-11-22',1,1,'2017-11-28 01:44:41'),(5697,'2017-10-6',1,1,'2017-11-28 01:44:41'),(5698,'2017-10-6',1,1,'2017-11-28 01:44:41'),(5699,'2017-11-22',1,1,'2017-11-28 01:44:41'),(5700,'2017-11-22',1,1,'2017-11-28 01:44:41'),(5701,'2017-11-22',1,1,'2017-11-28 01:44:41'),(5702,'2017-10-6',1,1,'2017-11-28 01:44:41'),(5703,'2017-10-6',1,1,'2017-11-28 01:44:41'),(5704,'2017-10-6',1,1,'2017-11-28 01:44:41'),(5705,'2017-10-6',1,1,'2017-11-28 01:44:42'),(5706,'2017-10-6',11,1,'2017-11-28 01:44:42'),(5707,'2017-10-6',1,1,'2017-11-28 01:44:42'),(5708,'2017-11-22',1,1,'2017-11-28 01:44:42'),(5709,'2017-11-22',1,1,'2017-11-28 01:44:42'),(5710,'2017-11-22',1,1,'2017-11-28 01:44:42'),(5711,'2017-10-6',1,1,'2017-11-28 01:44:42'),(5712,'2017-10-6',1,1,'2017-11-28 01:44:42'),(5713,'2017-10-6',1,1,'2017-11-28 01:44:42'),(5714,'2017-10-6',1,1,'2017-11-28 01:44:42'),(5715,'2017-10-5',1,1,'2017-11-28 01:44:42'),(5716,'2017-10-6',33,1,'2017-11-28 01:44:42'),(5717,'2017-10-6',1,1,'2017-11-28 01:44:42'),(5718,'2017-10-6',21,1,'2017-11-28 01:44:42'),(5719,'2017-11-22',14,1,'2017-11-28 01:44:42'),(5720,'2017-11-22',14,1,'2017-11-28 01:44:42'),(5721,'2017-11-22',14,1,'2017-11-28 01:44:42'),(5722,'2017-11-22',14,1,'2017-11-28 01:44:42'),(5723,'2017-11-22',14,1,'2017-11-28 01:44:42'),(5724,'2017-11-22',14,1,'2017-11-28 01:44:42'),(5725,'2017-10-6',9,1,'2017-11-28 01:44:42'),(5726,'2017-10-6',1,1,'2017-11-28 01:44:42'),(5727,'2017-10-6',1,1,'2017-11-28 01:44:42'),(5728,'2017-10-6',1,1,'2017-11-28 01:44:42'),(5729,'2017-10-6',1,1,'2017-11-28 01:44:43'),(5730,'2017-10-6',31,1,'2017-11-28 01:44:43'),(5731,'2017-10-6',1,1,'2017-11-28 01:44:43'),(5732,'2017-10-6',1,1,'2017-11-28 01:44:43'),(5733,'2017-10-6',1,1,'2017-11-28 01:44:43'),(5734,'2017-10-6',1,1,'2017-11-28 01:44:43'),(5735,'2017-10-6',1,1,'2017-11-28 01:44:43'),(5736,'2017-10-6',1,1,'2017-11-28 01:44:43'),(5737,'2017-10-6',1,1,'2017-11-28 01:44:43'),(5738,'2017-10-6',1,1,'2017-11-28 01:44:43'),(5739,'2017-10-6',1,1,'2017-11-28 01:44:43'),(5740,'2017-10-6',1,1,'2017-11-28 01:44:43'),(5741,'2017-10-6',1,1,'2017-11-28 01:44:43'),(5742,'2017-10-6',1,1,'2017-11-28 01:44:43'),(5743,'2017-10-6',9,1,'2017-11-28 01:44:43'),(5744,'2017-10-6',1,1,'2017-11-28 01:44:43'),(5745,'2017-10-6',1,1,'2017-11-28 01:44:43'),(5746,'2017-10-6',1,1,'2017-11-28 01:44:43'),(5747,'2017-10-6',1,1,'2017-11-28 01:44:43'),(5748,'2017-10-6',1,1,'2017-11-28 01:44:43'),(5749,'2017-10-6',1,1,'2017-11-28 01:44:43'),(5750,'2017-10-6',1,1,'2017-11-28 01:44:43'),(5751,'2017-10-6',1,1,'2017-11-28 01:44:43'),(5752,'2017-10-6',1,1,'2017-11-28 01:44:43'),(5753,'2017-10-6',1,1,'2017-11-28 01:44:43'),(5754,'2017-10-6',1,1,'2017-11-28 01:44:44'),(5755,'2017-10-6',1,1,'2017-11-28 01:44:44'),(5756,'2017-10-6',1,1,'2017-11-28 01:44:44'),(5757,'2017-10-6',1,1,'2017-11-28 01:44:44'),(5758,'2017-10-6',1,1,'2017-11-28 01:44:44'),(5759,'2017-10-6',1,1,'2017-11-28 01:44:44'),(5760,'2017-10-6',1,1,'2017-11-28 01:44:44'),(5761,'2017-10-6',1,1,'2017-11-28 01:44:44'),(5762,'2017-10-6',9,1,'2017-11-28 01:44:44'),(5763,'2017-10-6',1,1,'2017-11-28 01:44:44'),(5764,'2017-10-6',1,1,'2017-11-28 01:44:44'),(5765,'2017-10-6',1,1,'2017-11-28 01:44:44'),(5766,'2017-10-6',1,1,'2017-11-28 01:44:44'),(5767,'2017-10-6',1,1,'2017-11-28 01:44:44'),(5768,'2017-10-6',1,1,'2017-11-28 01:44:44'),(5769,'2017-10-6',1,1,'2017-11-28 01:44:44'),(5770,'2017-10-5',1,1,'2017-11-28 01:44:44'),(5771,'2017-10-6',1,1,'2017-11-28 01:44:44'),(5772,'2017-10-6',1,1,'2017-11-28 01:44:44'),(5773,'2017-10-6',1,1,'2017-11-28 01:44:45'),(5774,'2017-10-6',1,1,'2017-11-28 01:44:45'),(5775,'2017-10-6',1,1,'2017-11-28 01:44:45'),(5776,'2017-11-22',9,1,'2017-11-28 01:44:45'),(5777,'2017-11-22',9,1,'2017-11-28 01:44:45'),(5778,'2017-11-22',9,1,'2017-11-28 01:44:45'),(5779,'2017-10-5',1,1,'2017-11-28 01:44:45'),(5780,'2017-10-6',1,2,'2017-11-28 01:44:45'),(5781,'2017-10-6',26,2,'2017-11-28 01:44:45'),(5782,'2017-10-6',1,2,'2017-11-28 01:44:45'),(5783,'2017-11-22',1,2,'2017-11-28 01:44:45'),(5784,'2017-11-22',1,2,'2017-11-28 01:44:45'),(5785,'2017-11-22',1,2,'2017-11-28 01:44:45'),(5786,'2017-10-5',9,2,'2017-11-28 01:44:45'),(5787,'2017-10-6',1,2,'2017-11-28 01:44:45'),(5788,'2017-10-6',1,2,'2017-11-28 01:44:45'),(5789,'2017-10-6',1,2,'2017-11-28 01:44:45'),(5790,'2017-11-22',19,2,'2017-11-28 01:44:45'),(5791,'2017-11-22',1,2,'2017-11-28 01:44:45'),(5792,'2017-11-22',19,2,'2017-11-28 01:44:45'),(5793,'2017-11-22',1,2,'2017-11-28 01:44:45'),(5794,'2017-11-22',19,2,'2017-11-28 01:44:45'),(5795,'2017-11-22',1,2,'2017-11-28 01:44:45'),(5796,'2017-10-6',1,2,'2017-11-28 01:44:46'),(5797,'2017-10-6',1,2,'2017-11-28 01:44:46'),(5798,'2017-11-22',1,2,'2017-11-28 01:44:46'),(5799,'2017-11-22',1,2,'2017-11-28 01:44:46'),(5800,'2017-11-22',1,2,'2017-11-28 01:44:46'),(5801,'2017-10-6',10,2,'2017-11-28 01:44:46'),(5802,'2017-10-6',1,2,'2017-11-28 01:44:46'),(5803,'2017-10-6',1,2,'2017-11-28 01:44:46'),(5804,'2017-10-6',1,2,'2017-11-28 01:44:46'),(5805,'2017-10-6',1,2,'2017-11-28 01:44:46'),(5806,'2017-10-6',1,2,'2017-11-28 01:44:46'),(5807,'2017-10-5',1,2,'2017-11-28 01:44:46'),(5808,'2017-10-6',1,2,'2017-11-28 01:44:46'),(5809,'2017-10-6',1,2,'2017-11-28 01:44:46'),(5810,'2017-10-6',1,2,'2017-11-28 01:44:46'),(5811,'2017-11-22',1,2,'2017-11-28 01:44:46'),(5812,'2017-11-22',1,2,'2017-11-28 01:44:46'),(5813,'2017-11-22',1,2,'2017-11-28 01:44:46'),(5814,'2017-11-22',1,2,'2017-11-28 01:44:46'),(5815,'2017-11-22',1,2,'2017-11-28 01:44:46'),(5816,'2017-11-22',1,2,'2017-11-28 01:44:46'),(5817,'2017-11-22',1,2,'2017-11-28 01:44:46'),(5818,'2017-11-22',1,2,'2017-11-28 01:44:46'),(5819,'2017-11-22',1,2,'2017-11-28 01:44:47'),(5820,'2017-10-6',1,2,'2017-11-28 01:44:47'),(5821,'2017-10-6',1,2,'2017-11-28 01:44:47'),(5822,'2017-10-6',1,2,'2017-11-28 01:44:47'),(5823,'2017-10-6',1,2,'2017-11-28 01:44:47'),(5824,'2017-10-6',1,2,'2017-11-28 01:44:47'),(5825,'2017-10-6',1,2,'2017-11-28 01:44:47'),(5826,'2017-11-22',1,2,'2017-11-28 01:44:47'),(5827,'2017-11-22',1,2,'2017-11-28 01:44:47'),(5828,'2017-11-22',1,2,'2017-11-28 01:44:47'),(5829,'2017-10-6',1,2,'2017-11-28 01:44:47'),(5830,'2017-10-6',5,2,'2017-11-28 01:44:47'),(5831,'2017-11-22',1,2,'2017-11-28 01:44:47'),(5832,'2017-11-22',1,2,'2017-11-28 01:44:47'),(5833,'2017-11-22',1,2,'2017-11-28 01:44:47'),(5834,'2017-10-6',1,2,'2017-11-28 01:44:47'),(5835,'2017-10-6',1,2,'2017-11-28 01:44:47'),(5836,'2017-10-6',1,2,'2017-11-28 01:44:47'),(5837,'2017-11-22',1,2,'2017-11-28 01:44:47'),(5838,'2017-11-22',1,2,'2017-11-28 01:44:47'),(5839,'2017-11-22',1,2,'2017-11-28 01:44:47'),(5840,'2017-11-22',1,2,'2017-11-28 01:44:47'),(5841,'2017-11-22',1,2,'2017-11-28 01:44:47'),(5842,'2017-11-22',1,2,'2017-11-28 01:44:47'),(5843,'2017-10-6',1,2,'2017-11-28 01:44:48'),(5844,'2017-10-6',1,2,'2017-11-28 01:44:48'),(5845,'2017-10-6',1,2,'2017-11-28 01:44:48'),(5846,'2017-10-6',1,2,'2017-11-28 01:44:48'),(5847,'2017-10-5',1,2,'2017-11-28 01:44:48'),(5848,'2017-10-6',1,2,'2017-11-28 01:44:48'),(5849,'2017-10-6',1,2,'2017-11-28 01:44:48'),(5850,'2017-10-6',43,2,'2017-11-28 01:44:48'),(5851,'2017-10-6',1,2,'2017-11-28 01:44:48'),(5852,'2017-10-6',1,2,'2017-11-28 01:44:48'),(5853,'2017-10-6',1,2,'2017-11-28 01:44:48'),(5854,'2017-11-22',47,2,'2017-11-28 01:44:48'),(5855,'2017-11-22',47,2,'2017-11-28 01:44:48'),(5856,'2017-11-22',47,2,'2017-11-28 01:44:48'),(5857,'2017-10-6',1,2,'2017-11-28 01:44:48'),(5858,'2017-11-22',1,2,'2017-11-28 01:44:48'),(5859,'2017-11-22',1,2,'2017-11-28 01:44:48'),(5860,'2017-11-22',1,2,'2017-11-28 01:44:48'),(5861,'2017-11-22',1,2,'2017-11-28 01:44:48'),(5862,'2017-11-22',1,2,'2017-11-28 01:44:48'),(5863,'2017-11-22',1,2,'2017-11-28 01:44:48'),(5864,'2017-11-22',1,2,'2017-11-28 01:44:48'),(5865,'2017-11-22',1,2,'2017-11-28 01:44:48'),(5866,'2017-11-22',1,2,'2017-11-28 01:44:48'),(5867,'2017-11-22',1,2,'2017-11-28 01:44:49'),(5868,'2017-11-22',1,2,'2017-11-28 01:44:49'),(5869,'2017-11-22',1,2,'2017-11-28 01:44:49'),(5870,'2017-11-22',1,2,'2017-11-28 01:44:49'),(5871,'2017-11-22',1,2,'2017-11-28 01:44:49'),(5872,'2017-11-22',1,2,'2017-11-28 01:44:49'),(5873,'2017-11-22',1,2,'2017-11-28 01:44:49'),(5874,'2017-11-22',1,2,'2017-11-28 01:44:49'),(5875,'2017-11-22',1,2,'2017-11-28 01:44:49'),(5876,'2017-11-22',1,2,'2017-11-28 01:44:49'),(5877,'2017-11-22',1,2,'2017-11-28 01:44:49'),(5878,'2017-11-22',1,2,'2017-11-28 01:44:49'),(5879,'2017-10-6',1,2,'2017-11-28 01:44:49'),(5880,'2017-11-22',1,2,'2017-11-28 01:44:49'),(5881,'2017-11-22',1,2,'2017-11-28 01:44:49'),(5882,'2017-11-22',1,2,'2017-11-28 01:44:49'),(5883,'2017-10-6',1,2,'2017-11-28 01:44:49'),(5884,'2017-11-22',11,2,'2017-11-28 01:44:49'),(5885,'2017-11-22',1,2,'2017-11-28 01:44:49'),(5886,'2017-11-22',11,2,'2017-11-28 01:44:49'),(5887,'2017-11-22',1,2,'2017-11-28 01:44:49'),(5888,'2017-11-22',11,2,'2017-11-28 01:44:49'),(5889,'2017-11-22',1,2,'2017-11-28 01:44:49'),(5890,'2017-11-22',1,2,'2017-11-28 01:44:49'),(5891,'2017-11-22',1,2,'2017-11-28 01:44:50'),(5892,'2017-11-22',1,2,'2017-11-28 01:44:50'),(5893,'2017-10-6',1,2,'2017-11-28 01:44:50'),(5894,'2017-11-22',10,2,'2017-11-28 01:44:50'),(5895,'2017-11-22',10,2,'2017-11-28 01:44:50'),(5896,'2017-11-22',10,2,'2017-11-28 01:44:50'),(5897,'2017-10-6',1,2,'2017-11-28 01:44:50'),(5898,'2017-10-6',1,2,'2017-11-28 01:44:50'),(5899,'2017-10-6',1,2,'2017-11-28 01:44:50'),(5900,'2017-10-6',1,2,'2017-11-28 01:44:50'),(5901,'2017-10-5',1,2,'2017-11-28 01:44:50'),(5902,'2017-11-22',1,2,'2017-11-28 01:44:50'),(5903,'2017-11-22',1,2,'2017-11-28 01:44:50'),(5904,'2017-11-22',1,2,'2017-11-28 01:44:50'),(5905,'2017-11-22',1,2,'2017-11-28 01:44:50'),(5906,'2017-11-22',1,2,'2017-11-28 01:44:50'),(5907,'2017-11-22',1,2,'2017-11-28 01:44:50'),(5908,'2017-11-22',1,2,'2017-11-28 01:44:50'),(5909,'2017-11-22',1,2,'2017-11-28 01:44:50'),(5910,'2017-11-22',1,2,'2017-11-28 01:44:51'),(5911,'2017-10-6',1,2,'2017-11-28 01:44:51'),(5912,'2017-11-22',1,2,'2017-11-28 01:44:51'),(5913,'2017-11-22',1,2,'2017-11-28 01:44:51'),(5914,'2017-11-22',1,2,'2017-11-28 01:44:51'),(5915,'2017-11-22',1,2,'2017-11-28 01:44:51'),(5916,'2017-11-22',1,2,'2017-11-28 01:44:51'),(5917,'2017-11-22',1,2,'2017-11-28 01:44:51'),(5918,'2017-10-6',1,2,'2017-11-28 01:44:51'),(5919,'2017-10-6',1,2,'2017-11-28 01:44:51'),(5920,'2017-10-6',1,2,'2017-11-28 01:44:51'),(5921,'2017-10-5',1,2,'2017-11-28 01:44:51'),(5922,'2017-10-6',43,2,'2017-11-28 01:44:51'),(5923,'2017-11-22',1,2,'2017-11-28 01:44:51'),(5924,'2017-11-22',1,2,'2017-11-28 01:44:51'),(5925,'2017-11-22',1,2,'2017-11-28 01:44:51'),(5926,'2017-10-6',1,2,'2017-11-28 01:44:51'),(5927,'2017-10-6',1,3,'2017-11-28 01:44:51'),(5928,'2017-11-22',19,3,'2017-11-28 01:44:51'),(5929,'2017-11-22',19,3,'2017-11-28 01:44:51'),(5930,'2017-11-22',19,3,'2017-11-28 01:44:51'),(5931,'2017-10-5',1,3,'2017-11-28 01:44:52'),(5932,'2017-10-6',26,3,'2017-11-28 01:44:52'),(5933,'2017-10-6',1,3,'2017-11-28 01:44:52'),(5934,'2017-11-22',1,3,'2017-11-28 01:44:52'),(5935,'2017-11-22',1,3,'2017-11-28 01:44:52'),(5936,'2017-11-22',1,3,'2017-11-28 01:44:52'),(5937,'2017-11-22',1,3,'2017-11-28 01:44:52'),(5938,'2017-11-22',1,3,'2017-11-28 01:44:52'),(5939,'2017-11-22',1,3,'2017-11-28 01:44:52'),(5940,'2017-11-22',1,3,'2017-11-28 01:44:52'),(5941,'2017-11-22',1,3,'2017-11-28 01:44:52'),(5942,'2017-11-22',1,3,'2017-11-28 01:44:52'),(5943,'2017-10-6',1,3,'2017-11-28 01:44:52'),(5944,'2017-10-6',1,3,'2017-11-28 01:44:52'),(5945,'2017-10-6',1,3,'2017-11-28 01:44:52'),(5946,'2017-10-6',1,3,'2017-11-28 01:44:52'),(5947,'2017-11-22',1,3,'2017-11-28 01:44:52'),(5948,'2017-11-22',1,3,'2017-11-28 01:44:52'),(5949,'2017-11-22',1,3,'2017-11-28 01:44:52'),(5950,'2017-10-6',1,3,'2017-11-28 01:44:52'),(5951,'2017-10-6',1,3,'2017-11-28 01:44:52'),(5952,'2017-10-6',1,3,'2017-11-28 01:44:52'),(5953,'2017-11-22',1,3,'2017-11-28 01:44:52'),(5954,'2017-11-22',1,3,'2017-11-28 01:44:52'),(5955,'2017-11-22',1,3,'2017-11-28 01:44:53'),(5956,'2017-10-6',1,3,'2017-11-28 01:44:53'),(5957,'2017-10-6',1,3,'2017-11-28 01:44:53'),(5958,'2017-11-22',1,3,'2017-11-28 01:44:53'),(5959,'2017-11-22',35,3,'2017-11-28 01:44:53'),(5960,'2017-11-22',1,3,'2017-11-28 01:44:53'),(5961,'2017-11-22',35,3,'2017-11-28 01:44:53'),(5962,'2017-11-22',1,3,'2017-11-28 01:44:53'),(5963,'2017-11-22',35,3,'2017-11-28 01:44:53'),(5964,'2017-10-6',1,3,'2017-11-28 01:44:53'),(5965,'2017-11-22',1,3,'2017-11-28 01:44:53'),(5966,'2017-11-22',1,3,'2017-11-28 01:44:53'),(5967,'2017-11-22',1,3,'2017-11-28 01:44:53'),(5968,'2017-10-6',1,3,'2017-11-28 01:44:53'),(5969,'2017-10-6',1,3,'2017-11-28 01:44:53'),(5970,'2017-10-6',1,3,'2017-11-28 01:44:53'),(5971,'2017-10-6',19,3,'2017-11-28 01:44:53'),(5972,'2017-11-22',35,3,'2017-11-28 01:44:53'),(5973,'2017-11-22',35,3,'2017-11-28 01:44:53'),(5974,'2017-11-22',35,3,'2017-11-28 01:44:53'),(5975,'2017-10-6',1,3,'2017-11-28 01:44:53'),(5976,'2017-10-6',1,3,'2017-11-28 01:44:53'),(5977,'2017-10-6',1,3,'2017-11-28 01:44:54'),(5978,'2017-11-22',1,3,'2017-11-28 01:44:54'),(5979,'2017-11-22',1,3,'2017-11-28 01:44:54'),(5980,'2017-11-22',1,3,'2017-11-28 01:44:54'),(5981,'2017-10-5',14,3,'2017-11-28 01:44:54'),(5982,'2017-10-6',1,3,'2017-11-28 01:44:54'),(5983,'2017-10-6',1,3,'2017-11-28 01:44:54'),(5984,'2017-10-6',1,3,'2017-11-28 01:44:54'),(5985,'2017-11-22',1,3,'2017-11-28 01:44:54'),(5986,'2017-11-22',1,3,'2017-11-28 01:44:54'),(5987,'2017-11-22',1,3,'2017-11-28 01:44:54'),(5988,'2017-10-6',1,3,'2017-11-28 01:44:54'),(5989,'2017-10-6',1,3,'2017-11-28 01:44:54'),(5990,'2017-10-6',1,3,'2017-11-28 01:44:54'),(5991,'2017-11-22',1,3,'2017-11-28 01:44:54'),(5992,'2017-11-22',1,3,'2017-11-28 01:44:54'),(5993,'2017-11-22',1,3,'2017-11-28 01:44:54'),(5994,'2017-10-5',1,3,'2017-11-28 01:44:54'),(5995,'2017-10-6',1,3,'2017-11-28 01:44:54'),(5996,'2017-10-6',21,3,'2017-11-28 01:44:54'),(5997,'2017-10-6',41,3,'2017-11-28 01:44:54'),(5998,'2017-11-22',1,3,'2017-11-28 01:44:54'),(5999,'2017-11-22',1,3,'2017-11-28 01:44:54'),(6000,'2017-11-22',1,3,'2017-11-28 01:44:54'),(6001,'2017-10-6',26,3,'2017-11-28 01:44:54'),(6002,'2017-10-6',47,3,'2017-11-28 01:44:54'),(6003,'2017-10-6',1,3,'2017-11-28 01:44:55'),(6004,'2017-11-22',1,3,'2017-11-28 01:44:55'),(6005,'2017-11-22',1,3,'2017-11-28 01:44:55'),(6006,'2017-11-22',1,3,'2017-11-28 01:44:55'),(6007,'2017-11-22',1,3,'2017-11-28 01:44:55'),(6008,'2017-11-22',1,3,'2017-11-28 01:44:55'),(6009,'2017-11-22',1,3,'2017-11-28 01:44:55'),(6010,'2017-11-22',1,3,'2017-11-28 01:44:55'),(6011,'2017-11-22',1,3,'2017-11-28 01:44:55'),(6012,'2017-11-22',1,3,'2017-11-28 01:44:55'),(6013,'2017-10-6',1,3,'2017-11-28 01:44:55'),(6014,'2017-11-22',19,3,'2017-11-28 01:44:55'),(6015,'2017-11-22',19,3,'2017-11-28 01:44:55'),(6016,'2017-11-22',19,3,'2017-11-28 01:44:55'),(6017,'2017-10-6',10,3,'2017-11-28 01:44:55'),(6018,'2017-10-6',1,3,'2017-11-28 01:44:55'),(6019,'2017-10-6',1,3,'2017-11-28 01:44:55'),(6020,'2017-10-6',1,3,'2017-11-28 01:44:55'),(6021,'2017-10-6',1,3,'2017-11-28 01:44:55'),(6022,'2017-10-6',19,3,'2017-11-28 01:44:55'),(6023,'2017-10-6',1,3,'2017-11-28 01:44:55'),(6024,'2017-10-6',1,3,'2017-11-28 01:44:55'),(6025,'2017-10-6',1,3,'2017-11-28 01:44:55'),(6026,'2017-10-6',1,3,'2017-11-28 01:44:55'),(6027,'2017-11-22',1,3,'2017-11-28 01:44:56'),(6028,'2017-11-22',1,3,'2017-11-28 01:44:56'),(6029,'2017-11-22',1,3,'2017-11-28 01:44:56'),(6030,'2017-10-6',10,3,'2017-11-28 01:44:56'),(6031,'2017-10-6',1,3,'2017-11-28 01:44:56'),(6032,'2017-10-6',1,3,'2017-11-28 01:44:56'),(6033,'2017-10-6',1,3,'2017-11-28 01:44:56'),(6034,'2017-10-6',1,3,'2017-11-28 01:44:56'),(6035,'2017-10-6',1,3,'2017-11-28 01:44:56'),(6036,'2017-10-6',1,3,'2017-11-28 01:44:56'),(6037,'2017-10-5',1,3,'2017-11-28 01:44:56'),(6038,'2017-10-5',1,3,'2017-11-28 01:44:56'),(6039,'2017-10-5',1,3,'2017-11-28 01:44:56'),(6040,'2017-10-5',1,3,'2017-11-28 01:44:56'),(6041,'2017-10-6',1,3,'2017-11-28 01:44:56'),(6042,'2017-10-6',1,3,'2017-11-28 01:44:56'),(6043,'2017-11-22',1,3,'2017-11-28 01:44:56'),(6044,'2017-11-22',1,3,'2017-11-28 01:44:56'),(6045,'2017-11-22',1,3,'2017-11-28 01:44:56'),(6046,'2017-10-6',1,3,'2017-11-28 01:44:56'),(6047,'2017-11-22',1,3,'2017-11-28 01:44:56'),(6048,'2017-11-22',1,3,'2017-11-28 01:44:56'),(6049,'2017-11-22',1,3,'2017-11-28 01:44:56'),(6050,'2017-11-22',1,3,'2017-11-28 01:44:57'),(6051,'2017-11-22',1,3,'2017-11-28 01:44:57'),(6052,'2017-11-22',1,3,'2017-11-28 01:44:57'),(6053,'2017-10-6',1,3,'2017-11-28 01:44:57'),(6054,'2017-11-22',1,3,'2017-11-28 01:44:57'),(6055,'2017-11-22',1,3,'2017-11-28 01:44:57'),(6056,'2017-11-22',1,3,'2017-11-28 01:44:57'),(6057,'2017-11-22',1,3,'2017-11-28 01:44:57'),(6058,'2017-11-22',1,3,'2017-11-28 01:44:57'),(6059,'2017-11-22',1,3,'2017-11-28 01:44:57'),(6060,'2017-10-6',1,3,'2017-11-28 01:44:57'),(6061,'2017-10-6',1,3,'2017-11-28 01:44:57'),(6062,'2017-10-5',1,3,'2017-11-28 01:44:57'),(6063,'2017-10-6',1,3,'2017-11-28 01:44:57'),(6064,'2017-10-6',1,3,'2017-11-28 01:44:57'),(6065,'2017-10-6',1,3,'2017-11-28 01:44:57'),(6066,'2017-11-22',1,3,'2017-11-28 01:44:57'),(6067,'2017-11-22',1,3,'2017-11-28 01:44:57'),(6068,'2017-11-22',1,3,'2017-11-28 01:44:57'),(6069,'2017-10-6',1,3,'2017-11-28 01:44:57'),(6070,'2017-10-6',1,3,'2017-11-28 01:44:57'),(6071,'2017-11-22',1,3,'2017-11-28 01:44:57'),(6072,'2017-11-22',1,3,'2017-11-28 01:44:57'),(6073,'2017-11-22',1,3,'2017-11-28 01:44:57'),(6074,'2017-10-6',1,3,'2017-11-28 01:44:58'),(6075,'2017-10-6',1,3,'2017-11-28 01:44:58'),(6076,'2017-10-6',1,3,'2017-11-28 01:44:58'),(6077,'2017-10-5',1,3,'2017-11-28 01:44:58'),(6078,'2017-10-6',1,3,'2017-11-28 01:44:58'),(6079,'2017-10-6',1,3,'2017-11-28 01:44:58'),(6080,'2017-10-6',1,3,'2017-11-28 01:44:58'),(6081,'2017-10-5',1,3,'2017-11-28 01:44:58'),(6082,'2017-10-5',1,3,'2017-11-28 01:44:58'),(6083,'2017-10-6',1,3,'2017-11-28 01:44:58'),(6084,'2017-10-6',1,3,'2017-11-28 01:44:58'),(6085,'2017-10-5',13,3,'2017-11-28 01:44:58'),(6086,'2017-10-6',1,3,'2017-11-28 01:44:58'),(6087,'2017-10-5',1,3,'2017-11-28 01:44:58'),(6088,'2017-10-6',1,3,'2017-11-28 01:44:58'),(6089,'2017-11-22',1,3,'2017-11-28 01:44:58'),(6090,'2017-11-22',1,3,'2017-11-28 01:44:58'),(6091,'2017-11-22',1,3,'2017-11-28 01:44:58'),(6092,'2017-11-22',1,3,'2017-11-28 01:44:58'),(6093,'2017-11-22',1,3,'2017-11-28 01:44:58'),(6094,'2017-11-22',1,3,'2017-11-28 01:44:58'),(6095,'2017-10-6',1,3,'2017-11-28 01:44:58'),(6096,'2017-11-22',1,3,'2017-11-28 01:44:58'),(6097,'2017-11-22',1,3,'2017-11-28 01:44:58'),(6098,'2017-11-22',1,3,'2017-11-28 01:44:59'),(6099,'2017-10-6',1,3,'2017-11-28 01:44:59'),(6100,'2017-10-6',1,3,'2017-11-28 01:44:59'),(6101,'2017-10-6',1,3,'2017-11-28 01:44:59'),(6102,'2017-10-6',19,3,'2017-11-28 01:44:59'),(6103,'2017-10-6',1,3,'2017-11-28 01:44:59'),(6104,'2017-10-6',1,3,'2017-11-28 01:44:59'),(6105,'2017-10-6',1,3,'2017-11-28 01:44:59'),(6106,'2017-11-22',1,3,'2017-11-28 01:44:59'),(6107,'2017-11-22',1,3,'2017-11-28 01:44:59'),(6108,'2017-11-22',1,3,'2017-11-28 01:44:59'),(6109,'2017-10-6',1,3,'2017-11-28 01:44:59'),(6110,'2017-10-5',1,3,'2017-11-28 01:44:59'),(6111,'2017-10-6',19,3,'2017-11-28 01:45:00'),(6112,'2017-10-6',1,3,'2017-11-28 01:45:00'),(6113,'2017-10-6',1,3,'2017-11-28 01:45:00'),(6114,'2017-11-22',1,3,'2017-11-28 01:45:00'),(6115,'2017-11-22',1,3,'2017-11-28 01:45:00'),(6116,'2017-11-22',1,3,'2017-11-28 01:45:00'),(6117,'2017-11-22',1,3,'2017-11-28 01:45:00'),(6118,'2017-11-22',1,3,'2017-11-28 01:45:00'),(6119,'2017-11-22',1,3,'2017-11-28 01:45:00'),(6120,'2017-10-6',1,3,'2017-11-28 01:45:00'),(6121,'2017-10-6',1,3,'2017-11-28 01:45:00'),(6122,'2017-10-6',1,3,'2017-11-28 01:45:00'),(6123,'2017-10-6',1,3,'2017-11-28 01:45:00'),(6124,'2017-10-6',1,3,'2017-11-28 01:45:00'),(6125,'2017-10-5',1,3,'2017-11-28 01:45:00'),(6126,'2017-10-5',1,3,'2017-11-28 01:45:00'),(6127,'2017-10-6',19,3,'2017-11-28 01:45:00'),(6128,'2017-11-22',19,3,'2017-11-28 01:45:00'),(6129,'2017-11-22',19,3,'2017-11-28 01:45:00'),(6130,'2017-11-22',19,3,'2017-11-28 01:45:01'),(6131,'2017-10-5',1,3,'2017-11-28 01:45:01'),(6132,'2017-10-6',1,3,'2017-11-28 01:45:01'),(6133,'2017-10-6',1,3,'2017-11-28 01:45:01'),(6134,'2017-10-6',1,3,'2017-11-28 01:45:01'),(6135,'2017-10-6',1,3,'2017-11-28 01:45:01'),(6136,'2017-10-5',1,3,'2017-11-28 01:45:01'),(6137,'2017-10-6',26,3,'2017-11-28 01:45:01'),(6138,'2017-10-6',26,3,'2017-11-28 01:45:01'),(6139,'2017-10-6',1,3,'2017-11-28 01:45:01'),(6140,'2017-10-6',1,3,'2017-11-28 01:45:01'),(6141,'2017-10-6',1,3,'2017-11-28 01:45:01'),(6142,'2017-11-22',1,3,'2017-11-28 01:45:01'),(6143,'2017-11-22',1,3,'2017-11-28 01:45:01'),(6144,'2017-11-22',1,3,'2017-11-28 01:45:01'),(6145,'2017-10-6',1,3,'2017-11-28 01:45:01'),(6146,'2017-10-6',1,3,'2017-11-28 01:45:01'),(6147,'2017-10-6',1,3,'2017-11-28 01:45:01'),(6148,'2017-10-6',1,3,'2017-11-28 01:45:01'),(6149,'2017-10-6',1,3,'2017-11-28 01:45:01'),(6150,'2017-11-22',19,3,'2017-11-28 01:45:01'),(6151,'2017-11-22',19,3,'2017-11-28 01:45:01'),(6152,'2017-11-22',19,3,'2017-11-28 01:45:01'),(6153,'2017-10-5',1,3,'2017-11-28 01:45:01'),(6154,'2017-10-6',1,3,'2017-11-28 01:45:02'),(6155,'2017-11-22',1,3,'2017-11-28 01:45:02'),(6156,'2017-11-22',1,3,'2017-11-28 01:45:02'),(6157,'2017-11-22',1,3,'2017-11-28 01:45:02'),(6158,'2017-11-22',1,3,'2017-11-28 01:45:02'),(6159,'2017-11-22',1,3,'2017-11-28 01:45:02'),(6160,'2017-11-22',1,3,'2017-11-28 01:45:02'),(6161,'2017-10-6',1,3,'2017-11-28 01:45:02'),(6162,'2017-10-6',1,3,'2017-11-28 01:45:02'),(6163,'2017-10-6',1,3,'2017-11-28 01:45:02'),(6164,'2017-10-6',1,3,'2017-11-28 01:45:02'),(6165,'2017-11-22',19,3,'2017-11-28 01:45:02'),(6166,'2017-11-22',19,3,'2017-11-28 01:45:02'),(6167,'2017-11-22',19,3,'2017-11-28 01:45:02'),(6168,'2017-10-6',1,3,'2017-11-28 01:45:02'),(6169,'2017-10-6',1,3,'2017-11-28 01:45:02'),(6170,'2017-11-22',1,3,'2017-11-28 01:45:02'),(6171,'2017-11-22',1,3,'2017-11-28 01:45:02'),(6172,'2017-11-22',1,3,'2017-11-28 01:45:02'),(6173,'2017-10-6',1,3,'2017-11-28 01:45:02'),(6174,'2017-10-6',1,3,'2017-11-28 01:45:02'),(6175,'2017-10-6',5,3,'2017-11-28 01:45:02'),(6176,'2017-10-5',1,3,'2017-11-28 01:45:02'),(6177,'2017-10-6',1,3,'2017-11-28 01:45:02'),(6178,'2017-10-6',1,3,'2017-11-28 01:45:03'),(6179,'2017-10-6',1,3,'2017-11-28 01:45:03'),(6180,'2017-10-6',1,3,'2017-11-28 01:45:03'),(6181,'2017-11-22',1,3,'2017-11-28 01:45:03'),(6182,'2017-11-22',1,3,'2017-11-28 01:45:03'),(6183,'2017-11-22',1,3,'2017-11-28 01:45:03'),(6184,'2017-11-22',9,3,'2017-11-28 01:45:03'),(6185,'2017-11-22',9,3,'2017-11-28 01:45:03'),(6186,'2017-11-22',9,3,'2017-11-28 01:45:03'),(6187,'2017-11-22',1,3,'2017-11-28 01:45:03'),(6188,'2017-11-22',1,3,'2017-11-28 01:45:03'),(6189,'2017-11-22',1,3,'2017-11-28 01:45:03'),(6190,'2017-10-6',1,3,'2017-11-28 01:45:03'),(6191,'2017-10-5',1,3,'2017-11-28 01:45:03'),(6192,'2017-10-6',1,3,'2017-11-28 01:45:03'),(6193,'2017-10-6',47,3,'2017-11-28 01:45:03'),(6194,'2017-10-6',1,3,'2017-11-28 01:45:03'),(6195,'2017-10-6',1,3,'2017-11-28 01:45:03'),(6196,'2017-10-5',1,3,'2017-11-28 01:45:03'),(6197,'2017-10-6',1,3,'2017-11-28 01:45:03'),(6198,'2017-10-6',1,3,'2017-11-28 01:45:03'),(6199,'2017-10-6',1,3,'2017-11-28 01:45:03'),(6200,'2017-10-6',1,3,'2017-11-28 01:45:03'),(6201,'2017-10-6',1,3,'2017-11-28 01:45:03'),(6202,'2017-10-6',1,3,'2017-11-28 01:45:04'),(6203,'2017-11-22',1,3,'2017-11-28 01:45:04'),(6204,'2017-11-22',1,3,'2017-11-28 01:45:04'),(6205,'2017-11-22',1,3,'2017-11-28 01:45:04'),(6206,'2017-10-6',1,3,'2017-11-28 01:45:04'),(6207,'2017-10-6',1,3,'2017-11-28 01:45:04'),(6208,'2017-10-6',1,3,'2017-11-28 01:45:04'),(6209,'2017-10-6',1,3,'2017-11-28 01:45:04'),(6210,'2017-11-22',11,3,'2017-11-28 01:45:04'),(6211,'2017-11-22',1,3,'2017-11-28 01:45:04'),(6212,'2017-11-22',1,3,'2017-11-28 01:45:04'),(6213,'2017-11-22',11,3,'2017-11-28 01:45:04'),(6214,'2017-11-22',1,3,'2017-11-28 01:45:04'),(6215,'2017-11-22',1,3,'2017-11-28 01:45:04'),(6216,'2017-11-22',11,3,'2017-11-28 01:45:04'),(6217,'2017-11-22',1,3,'2017-11-28 01:45:04'),(6218,'2017-11-22',1,3,'2017-11-28 01:45:04'),(6219,'2017-11-22',1,3,'2017-11-28 01:45:04'),(6220,'2017-11-22',1,3,'2017-11-28 01:45:04'),(6221,'2017-11-22',1,3,'2017-11-28 01:45:04'),(6222,'2017-10-6',1,3,'2017-11-28 01:45:04'),(6223,'2017-10-5',1,3,'2017-11-28 01:45:04'),(6224,'2017-10-6',1,3,'2017-11-28 01:45:04'),(6225,'2017-10-6',47,3,'2017-11-28 01:45:05'),(6226,'2017-10-6',1,3,'2017-11-28 01:45:05'),(6227,'2017-10-6',1,3,'2017-11-28 01:45:05'),(6228,'2017-10-5',1,3,'2017-11-28 01:45:05'),(6229,'2017-10-6',1,3,'2017-11-28 01:45:05'),(6230,'2017-10-6',1,3,'2017-11-28 01:45:05'),(6231,'2017-10-6',1,3,'2017-11-28 01:45:05'),(6232,'2017-10-6',1,3,'2017-11-28 01:45:05'),(6233,'2017-10-6',1,3,'2017-11-28 01:45:05'),(6234,'2017-10-6',1,3,'2017-11-28 01:45:05'),(6235,'2017-11-22',1,3,'2017-11-28 01:45:05'),(6236,'2017-11-22',1,3,'2017-11-28 01:45:05'),(6237,'2017-11-22',1,3,'2017-11-28 01:45:05'),(6238,'2017-10-6',1,3,'2017-11-28 01:45:05'),(6239,'2017-10-6',1,3,'2017-11-28 01:45:05'),(6240,'2017-10-6',1,3,'2017-11-28 01:45:05'),(6241,'2017-10-6',1,3,'2017-11-28 01:45:05'),(6242,'2017-11-22',11,3,'2017-11-28 01:45:05'),(6243,'2017-11-22',1,3,'2017-11-28 01:45:05'),(6244,'2017-11-22',1,3,'2017-11-28 01:45:05'),(6245,'2017-11-22',11,3,'2017-11-28 01:45:05'),(6246,'2017-11-22',1,3,'2017-11-28 01:45:05'),(6247,'2017-11-22',1,3,'2017-11-28 01:45:05'),(6248,'2017-11-22',11,3,'2017-11-28 01:45:05'),(6249,'2017-11-22',1,3,'2017-11-28 01:45:06'),(6250,'2017-11-22',1,3,'2017-11-28 01:45:06'),(6251,'2017-11-22',1,3,'2017-11-28 01:45:06'),(6252,'2017-11-22',1,3,'2017-11-28 01:45:06'),(6253,'2017-11-22',1,3,'2017-11-28 01:45:06'),(6254,'2017-10-6',1,3,'2017-11-28 01:45:06'),(6255,'2017-10-6',1,3,'2017-11-28 01:45:06'),(6256,'2017-11-22',9,3,'2017-11-28 01:45:06'),(6257,'2017-11-22',9,3,'2017-11-28 01:45:06'),(6258,'2017-11-22',9,3,'2017-11-28 01:45:06'),(6259,'2017-10-5',1,3,'2017-11-28 01:45:06'),(6260,'2017-10-5',1,3,'2017-11-28 01:45:06'),(6261,'2017-10-6',1,3,'2017-11-28 01:45:06'),(6262,'2017-10-6',1,3,'2017-11-28 01:45:06'),(6263,'2017-10-5',1,3,'2017-11-28 01:45:06'),(6264,'2017-10-6',1,3,'2017-11-28 01:45:06'),(6265,'2017-10-6',1,3,'2017-11-28 01:45:06'),(6266,'2017-10-6',1,3,'2017-11-28 01:45:06'),(6267,'2017-10-6',1,3,'2017-11-28 01:45:06'),(6268,'2017-10-6',1,3,'2017-11-28 01:45:06'),(6269,'2017-10-5',1,3,'2017-11-28 01:45:06'),(6270,'2017-10-6',1,3,'2017-11-28 01:45:06'),(6271,'2017-10-6',1,3,'2017-11-28 01:45:06'),(6272,'2017-10-6',1,3,'2017-11-28 01:45:06'),(6273,'2017-10-6',1,3,'2017-11-28 01:45:06'),(6274,'2017-10-6',1,3,'2017-11-28 01:45:07'),(6275,'2017-10-6',1,3,'2017-11-28 01:45:07'),(6276,'2017-10-6',1,3,'2017-11-28 01:45:07'),(6277,'2017-11-22',1,3,'2017-11-28 01:45:07'),(6278,'2017-11-22',1,3,'2017-11-28 01:45:07'),(6279,'2017-11-22',1,3,'2017-11-28 01:45:07'),(6280,'2017-10-6',1,3,'2017-11-28 01:45:07'),(6281,'2017-10-6',1,3,'2017-11-28 01:45:07'),(6282,'2017-10-6',19,3,'2017-11-28 01:45:07'),(6283,'2017-11-22',1,3,'2017-11-28 01:45:07'),(6284,'2017-11-22',1,3,'2017-11-28 01:45:07'),(6285,'2017-11-22',1,3,'2017-11-28 01:45:07'),(6286,'2017-11-22',1,3,'2017-11-28 01:45:07'),(6287,'2017-11-22',1,3,'2017-11-28 01:45:07'),(6288,'2017-11-22',1,3,'2017-11-28 01:45:07'),(6289,'2017-10-5',1,3,'2017-11-28 01:45:07'),(6290,'2017-10-6',1,3,'2017-11-28 01:45:07'),(6291,'2017-10-6',1,3,'2017-11-28 01:45:07'),(6292,'2017-10-6',1,3,'2017-11-28 01:45:07'),(6293,'2017-10-6',1,3,'2017-11-28 01:45:07'),(6294,'2017-10-5',1,3,'2017-11-28 01:45:07'),(6295,'2017-10-6',1,3,'2017-11-28 01:45:07'),(6296,'2017-10-6',1,3,'2017-11-28 01:45:08'),(6297,'2017-10-6',1,3,'2017-11-28 01:45:08'),(6298,'2017-10-6',1,3,'2017-11-28 01:45:08'),(6299,'2017-10-6',1,3,'2017-11-28 01:45:08'),(6300,'2017-10-6',1,3,'2017-11-28 01:45:08'),(6301,'2017-10-6',1,3,'2017-11-28 01:45:08'),(6302,'2017-10-6',1,3,'2017-11-28 01:45:08'),(6303,'2017-11-22',1,3,'2017-11-28 01:45:08'),(6304,'2017-11-22',1,3,'2017-11-28 01:45:08'),(6305,'2017-11-22',1,3,'2017-11-28 01:45:08'),(6306,'2017-11-22',1,3,'2017-11-28 01:45:08'),(6307,'2017-11-22',1,3,'2017-11-28 01:45:08'),(6308,'2017-11-22',1,3,'2017-11-28 01:45:08'),(6309,'2017-10-5',1,3,'2017-11-28 01:45:08'),(6310,'2017-10-6',1,3,'2017-11-28 01:45:08'),(6311,'2017-10-6',1,3,'2017-11-28 01:45:08'),(6312,'2017-10-6',1,3,'2017-11-28 01:45:08'),(6313,'2017-10-6',19,3,'2017-11-28 01:45:08'),(6314,'2017-10-6',1,3,'2017-11-28 01:45:08'),(6315,'2017-10-6',1,3,'2017-11-28 01:45:08'),(6316,'2017-10-6',47,3,'2017-11-28 01:45:08'),(6317,'2017-11-22',1,3,'2017-11-28 01:45:08'),(6318,'2017-11-22',1,3,'2017-11-28 01:45:08'),(6319,'2017-11-22',1,3,'2017-11-28 01:45:09'),(6320,'2017-10-5',1,3,'2017-11-28 01:45:09'),(6321,'2017-10-5',1,3,'2017-11-28 01:45:09'),(6322,'2017-10-6',1,3,'2017-11-28 01:45:09'),(6323,'2017-10-6',1,3,'2017-11-28 01:45:09'),(6324,'2017-10-6',1,3,'2017-11-28 01:45:09'),(6325,'2017-11-22',1,3,'2017-11-28 01:45:09'),(6326,'2017-11-22',1,3,'2017-11-28 01:45:09'),(6327,'2017-11-22',1,3,'2017-11-28 01:45:09'),(6328,'2017-11-22',1,3,'2017-11-28 01:45:09'),(6329,'2017-11-22',1,3,'2017-11-28 01:45:09'),(6330,'2017-11-22',1,3,'2017-11-28 01:45:09'),(6331,'2017-10-6',18,3,'2017-11-28 01:45:09'),(6332,'2017-10-6',1,3,'2017-11-28 01:45:09'),(6333,'2017-10-6',1,3,'2017-11-28 01:45:09'),(6334,'2017-10-5',1,3,'2017-11-28 01:45:09'),(6335,'2017-10-5',1,3,'2017-11-28 01:45:09'),(6336,'2017-10-5',1,3,'2017-11-28 01:45:09'),(6337,'2017-10-6',5,3,'2017-11-28 01:45:09'),(6338,'2017-10-6',1,3,'2017-11-28 01:45:09'),(6339,'2017-10-6',1,3,'2017-11-28 01:45:09'),(6340,'2017-10-6',1,3,'2017-11-28 01:45:09'),(6341,'2017-11-22',19,3,'2017-11-28 01:45:10'),(6342,'2017-11-22',1,3,'2017-11-28 01:45:10'),(6343,'2017-11-22',19,3,'2017-11-28 01:45:10'),(6344,'2017-11-22',1,3,'2017-11-28 01:45:10'),(6345,'2017-11-22',19,3,'2017-11-28 01:45:10'),(6346,'2017-11-22',1,3,'2017-11-28 01:45:10'),(6347,'2017-10-6',19,3,'2017-11-28 01:45:10'),(6348,'2017-11-22',19,3,'2017-11-28 01:45:10'),(6349,'2017-11-22',1,3,'2017-11-28 01:45:10'),(6350,'2017-11-22',1,3,'2017-11-28 01:45:10'),(6351,'2017-11-22',1,3,'2017-11-28 01:45:10'),(6352,'2017-11-22',19,3,'2017-11-28 01:45:10'),(6353,'2017-11-22',1,3,'2017-11-28 01:45:10'),(6354,'2017-11-22',1,3,'2017-11-28 01:45:10'),(6355,'2017-11-22',1,3,'2017-11-28 01:45:10'),(6356,'2017-11-22',19,3,'2017-11-28 01:45:10'),(6357,'2017-11-22',1,3,'2017-11-28 01:45:10'),(6358,'2017-11-22',1,3,'2017-11-28 01:45:10'),(6359,'2017-11-22',1,3,'2017-11-28 01:45:11'),(6360,'2017-10-6',1,3,'2017-11-28 01:45:11'),(6361,'2017-10-6',1,3,'2017-11-28 01:45:11'),(6362,'2017-10-6',19,3,'2017-11-28 01:45:11'),(6363,'2017-10-6',1,3,'2017-11-28 01:45:11'),(6364,'2017-10-6',19,3,'2017-11-28 01:45:11'),(6365,'2017-10-6',1,3,'2017-11-28 01:45:11'),(6366,'2017-10-6',1,3,'2017-11-28 01:45:11'),(6367,'2017-11-22',1,3,'2017-11-28 01:45:11'),(6368,'2017-11-22',1,3,'2017-11-28 01:45:11'),(6369,'2017-11-22',1,3,'2017-11-28 01:45:11'),(6370,'2017-10-6',1,3,'2017-11-28 01:45:11'),(6371,'2017-10-6',1,3,'2017-11-28 01:45:11'),(6372,'2017-10-6',1,3,'2017-11-28 01:45:11'),(6373,'2017-10-6',1,3,'2017-11-28 01:45:11'),(6374,'2017-10-6',1,3,'2017-11-28 01:45:11'),(6375,'2017-10-6',1,3,'2017-11-28 01:45:11'),(6376,'2017-11-22',1,3,'2017-11-28 01:45:11'),(6377,'2017-11-22',1,3,'2017-11-28 01:45:11'),(6378,'2017-11-22',1,3,'2017-11-28 01:45:11'),(6379,'2017-10-6',1,3,'2017-11-28 01:45:12'),(6380,'2017-10-6',1,3,'2017-11-28 01:45:12'),(6381,'2017-10-6',1,3,'2017-11-28 01:45:12'),(6382,'2017-10-6',33,3,'2017-11-28 01:45:12'),(6383,'2017-10-6',19,3,'2017-11-28 01:45:12'),(6384,'2017-10-6',1,3,'2017-11-28 01:45:12'),(6385,'2017-11-22',19,3,'2017-11-28 01:45:12'),(6386,'2017-11-22',1,3,'2017-11-28 01:45:12'),(6387,'2017-11-22',14,3,'2017-11-28 01:45:12'),(6388,'2017-11-22',1,3,'2017-11-28 01:45:12'),(6389,'2017-11-22',19,3,'2017-11-28 01:45:12'),(6390,'2017-11-22',1,3,'2017-11-28 01:45:12'),(6391,'2017-11-22',14,3,'2017-11-28 01:45:12'),(6392,'2017-11-22',1,3,'2017-11-28 01:45:12'),(6393,'2017-11-22',19,3,'2017-11-28 01:45:12'),(6394,'2017-11-22',1,3,'2017-11-28 01:45:12'),(6395,'2017-11-22',14,3,'2017-11-28 01:45:12'),(6396,'2017-11-22',1,3,'2017-11-28 01:45:12'),(6397,'2017-10-5',1,3,'2017-11-28 01:45:12'),(6398,'2017-10-6',1,3,'2017-11-28 01:45:12'),(6399,'2017-10-6',1,3,'2017-11-28 01:45:12'),(6400,'2017-10-6',1,3,'2017-11-28 01:45:12'),(6401,'2017-10-6',1,3,'2017-11-28 01:45:13'),(6402,'2017-10-5',1,3,'2017-11-28 01:45:13'),(6403,'2017-10-6',1,3,'2017-11-28 01:45:13'),(6404,'2017-10-6',1,3,'2017-11-28 01:45:13'),(6405,'2017-11-22',5,3,'2017-11-28 01:45:13'),(6406,'2017-11-22',1,3,'2017-11-28 01:45:13'),(6407,'2017-11-22',1,3,'2017-11-28 01:45:13'),(6408,'2017-11-22',14,3,'2017-11-28 01:45:13'),(6409,'2017-11-22',5,3,'2017-11-28 01:45:13'),(6410,'2017-11-22',1,3,'2017-11-28 01:45:13'),(6411,'2017-11-22',1,3,'2017-11-28 01:45:13'),(6412,'2017-11-22',14,3,'2017-11-28 01:45:13'),(6413,'2017-11-22',5,3,'2017-11-28 01:45:13'),(6414,'2017-11-22',1,3,'2017-11-28 01:45:13'),(6415,'2017-11-22',1,3,'2017-11-28 01:45:13'),(6416,'2017-11-22',14,3,'2017-11-28 01:45:13'),(6417,'2017-10-6',1,3,'2017-11-28 01:45:13'),(6418,'2017-10-6',1,3,'2017-11-28 01:45:13'),(6419,'2017-10-6',33,3,'2017-11-28 01:45:13'),(6420,'2017-10-6',1,3,'2017-11-28 01:45:13'),(6421,'2017-10-6',1,3,'2017-11-28 01:45:13'),(6422,'2017-10-6',1,3,'2017-11-28 01:45:13'),(6423,'2017-10-6',1,3,'2017-11-28 01:45:13'),(6424,'2017-10-6',1,3,'2017-11-28 01:45:14'),(6425,'2017-11-22',1,3,'2017-11-28 01:45:14'),(6426,'2017-11-22',1,3,'2017-11-28 01:45:14'),(6427,'2017-11-22',19,3,'2017-11-28 01:45:14'),(6428,'2017-11-22',33,3,'2017-11-28 01:45:14'),(6429,'2017-11-22',1,3,'2017-11-28 01:45:14'),(6430,'2017-11-22',1,3,'2017-11-28 01:45:14'),(6431,'2017-11-22',19,3,'2017-11-28 01:45:14'),(6432,'2017-11-22',33,3,'2017-11-28 01:45:14'),(6433,'2017-11-22',1,3,'2017-11-28 01:45:14'),(6434,'2017-11-22',1,3,'2017-11-28 01:45:14'),(6435,'2017-11-22',19,3,'2017-11-28 01:45:14'),(6436,'2017-11-22',33,3,'2017-11-28 01:45:14'),(6437,'2017-10-6',1,3,'2017-11-28 01:45:14'),(6438,'2017-10-6',1,3,'2017-11-28 01:45:14'),(6439,'2017-10-6',19,3,'2017-11-28 01:45:14'),(6440,'2017-10-6',1,3,'2017-11-28 01:45:14'),(6441,'2017-10-6',1,3,'2017-11-28 01:45:14'),(6442,'2017-10-6',1,3,'2017-11-28 01:45:14'),(6443,'2017-10-6',19,3,'2017-11-28 01:45:14'),(6444,'2017-10-6',1,3,'2017-11-28 01:45:14'),(6445,'2017-10-6',1,3,'2017-11-28 01:45:14'),(6446,'2017-10-6',1,3,'2017-11-28 01:45:15'),(6447,'2017-10-6',1,3,'2017-11-28 01:45:15'),(6448,'2017-10-6',1,3,'2017-11-28 01:45:15'),(6449,'2017-10-6',1,3,'2017-11-28 01:45:15'),(6450,'2017-10-6',1,3,'2017-11-28 01:45:15'),(6451,'2017-10-6',1,3,'2017-11-28 01:45:15'),(6452,'2017-10-6',1,3,'2017-11-28 01:45:15'),(6453,'2017-10-6',1,3,'2017-11-28 01:45:15'),(6454,'2017-10-6',1,3,'2017-11-28 01:45:15'),(6455,'2017-10-6',1,3,'2017-11-28 01:45:15'),(6456,'2017-10-6',1,3,'2017-11-28 01:45:15'),(6457,'2017-10-6',1,3,'2017-11-28 01:45:15'),(6458,'2017-10-6',1,3,'2017-11-28 01:45:15'),(6459,'2017-11-22',1,3,'2017-11-28 01:45:15'),(6460,'2017-11-22',1,3,'2017-11-28 01:45:15'),(6461,'2017-11-22',47,3,'2017-11-28 01:45:15'),(6462,'2017-11-22',4,3,'2017-11-28 01:45:15'),(6463,'2017-11-22',1,3,'2017-11-28 01:45:15'),(6464,'2017-11-22',1,3,'2017-11-28 01:45:15'),(6465,'2017-11-22',47,3,'2017-11-28 01:45:15'),(6466,'2017-11-22',4,3,'2017-11-28 01:45:15'),(6467,'2017-11-22',1,3,'2017-11-28 01:45:16'),(6468,'2017-11-22',1,3,'2017-11-28 01:45:16'),(6469,'2017-11-22',47,3,'2017-11-28 01:45:16'),(6470,'2017-11-22',4,3,'2017-11-28 01:45:16'),(6471,'2017-10-5',1,3,'2017-11-28 01:45:16'),(6472,'2017-10-6',1,3,'2017-11-28 01:45:16'),(6473,'2017-10-6',1,3,'2017-11-28 01:45:16'),(6474,'2017-10-6',1,3,'2017-11-28 01:45:16'),(6475,'2017-10-6',1,3,'2017-11-28 01:45:16'),(6476,'2017-10-6',16,3,'2017-11-28 01:45:16'),(6477,'2017-10-6',1,3,'2017-11-28 01:45:16'),(6478,'2017-10-6',1,3,'2017-11-28 01:45:16'),(6479,'2017-10-6',1,3,'2017-11-28 01:45:16'),(6480,'2017-11-22',1,3,'2017-11-28 01:45:16'),(6481,'2017-11-22',1,3,'2017-11-28 01:45:16'),(6482,'2017-11-22',1,3,'2017-11-28 01:45:16'),(6483,'2017-11-22',1,3,'2017-11-28 01:45:16'),(6484,'2017-11-22',1,3,'2017-11-28 01:45:16'),(6485,'2017-11-22',1,3,'2017-11-28 01:45:16'),(6486,'2017-11-22',1,3,'2017-11-28 01:45:16'),(6487,'2017-11-22',1,3,'2017-11-28 01:45:16'),(6488,'2017-11-22',1,3,'2017-11-28 01:45:16'),(6489,'2017-10-6',1,3,'2017-11-28 01:45:16'),(6490,'2017-11-22',1,3,'2017-11-28 01:45:17'),(6491,'2017-11-22',1,3,'2017-11-28 01:45:17'),(6492,'2017-11-22',1,3,'2017-11-28 01:45:17'),(6493,'2017-11-22',1,3,'2017-11-28 01:45:17'),(6494,'2017-11-22',1,3,'2017-11-28 01:45:17'),(6495,'2017-11-22',1,3,'2017-11-28 01:45:17'),(6496,'2017-11-22',1,3,'2017-11-28 01:45:17'),(6497,'2017-11-22',1,3,'2017-11-28 01:45:17'),(6498,'2017-11-22',1,3,'2017-11-28 01:45:17'),(6499,'2017-11-22',1,3,'2017-11-28 01:45:17'),(6500,'2017-11-22',1,3,'2017-11-28 01:45:17'),(6501,'2017-11-22',1,3,'2017-11-28 01:45:17'),(6502,'2017-11-22',1,3,'2017-11-28 01:45:17'),(6503,'2017-11-22',1,3,'2017-11-28 01:45:17'),(6504,'2017-11-22',1,3,'2017-11-28 01:45:17'),(6505,'2017-11-22',1,3,'2017-11-28 01:45:17'),(6506,'2017-11-22',1,3,'2017-11-28 01:45:17'),(6507,'2017-11-22',1,3,'2017-11-28 01:45:17'),(6508,'2017-10-6',1,3,'2017-11-28 01:45:17'),(6509,'2017-10-6',1,3,'2017-11-28 01:45:17'),(6510,'2017-10-6',27,3,'2017-11-28 01:45:17'),(6511,'2017-10-6',1,3,'2017-11-28 01:45:17'),(6512,'2017-10-6',1,3,'2017-11-28 01:45:17'),(6513,'2017-10-6',1,3,'2017-11-28 01:45:18'),(6514,'2017-10-6',1,3,'2017-11-28 01:45:18'),(6515,'2017-10-6',1,3,'2017-11-28 01:45:18'),(6516,'2017-11-22',19,3,'2017-11-28 01:45:18'),(6517,'2017-11-22',1,3,'2017-11-28 01:45:18'),(6518,'2017-11-22',19,3,'2017-11-28 01:45:18'),(6519,'2017-11-22',1,3,'2017-11-28 01:45:18'),(6520,'2017-11-22',19,3,'2017-11-28 01:45:18'),(6521,'2017-11-22',1,3,'2017-11-28 01:45:18'),(6522,'2017-10-6',19,3,'2017-11-28 01:45:18'),(6523,'2017-11-22',19,3,'2017-11-28 01:45:18'),(6524,'2017-11-22',1,3,'2017-11-28 01:45:18'),(6525,'2017-11-22',1,3,'2017-11-28 01:45:18'),(6526,'2017-11-22',1,3,'2017-11-28 01:45:18'),(6527,'2017-11-22',19,3,'2017-11-28 01:45:18'),(6528,'2017-11-22',1,3,'2017-11-28 01:45:18'),(6529,'2017-11-22',1,3,'2017-11-28 01:45:18'),(6530,'2017-11-22',1,3,'2017-11-28 01:45:18'),(6531,'2017-11-22',19,3,'2017-11-28 01:45:18'),(6532,'2017-11-22',1,3,'2017-11-28 01:45:18'),(6533,'2017-11-22',1,3,'2017-11-28 01:45:18'),(6534,'2017-11-22',1,3,'2017-11-28 01:45:18'),(6535,'2017-10-6',1,3,'2017-11-28 01:45:18'),(6536,'2017-10-6',1,3,'2017-11-28 01:45:19'),(6537,'2017-10-6',19,3,'2017-11-28 01:45:19'),(6538,'2017-10-6',1,3,'2017-11-28 01:45:19'),(6539,'2017-10-6',19,3,'2017-11-28 01:45:19'),(6540,'2017-10-6',1,3,'2017-11-28 01:45:19'),(6541,'2017-10-6',1,3,'2017-11-28 01:45:19'),(6542,'2017-11-22',1,3,'2017-11-28 01:45:19'),(6543,'2017-11-22',1,3,'2017-11-28 01:45:19'),(6544,'2017-11-22',1,3,'2017-11-28 01:45:19'),(6545,'2017-10-6',1,3,'2017-11-28 01:45:19'),(6546,'2017-10-6',1,3,'2017-11-28 01:45:19'),(6547,'2017-10-6',1,3,'2017-11-28 01:45:19'),(6548,'2017-10-6',1,3,'2017-11-28 01:45:19'),(6549,'2017-10-6',1,3,'2017-11-28 01:45:19'),(6550,'2017-10-6',1,3,'2017-11-28 01:45:19'),(6551,'2017-11-22',1,3,'2017-11-28 01:45:19'),(6552,'2017-11-22',1,3,'2017-11-28 01:45:19'),(6553,'2017-11-22',1,3,'2017-11-28 01:45:19'),(6554,'2017-10-6',1,3,'2017-11-28 01:45:19'),(6555,'2017-10-6',1,3,'2017-11-28 01:45:19'),(6556,'2017-10-6',1,3,'2017-11-28 01:45:19'),(6557,'2017-10-6',33,3,'2017-11-28 01:45:19'),(6558,'2017-10-6',19,3,'2017-11-28 01:45:19'),(6559,'2017-10-6',1,3,'2017-11-28 01:45:20'),(6560,'2017-11-22',19,3,'2017-11-28 01:45:20'),(6561,'2017-11-22',1,3,'2017-11-28 01:45:20'),(6562,'2017-11-22',14,3,'2017-11-28 01:45:20'),(6563,'2017-11-22',1,3,'2017-11-28 01:45:20'),(6564,'2017-11-22',19,3,'2017-11-28 01:45:20'),(6565,'2017-11-22',1,3,'2017-11-28 01:45:20'),(6566,'2017-11-22',14,3,'2017-11-28 01:45:20'),(6567,'2017-11-22',1,3,'2017-11-28 01:45:20'),(6568,'2017-11-22',19,3,'2017-11-28 01:45:20'),(6569,'2017-11-22',1,3,'2017-11-28 01:45:20'),(6570,'2017-11-22',14,3,'2017-11-28 01:45:20'),(6571,'2017-11-22',1,3,'2017-11-28 01:45:20'),(6572,'2017-10-5',1,3,'2017-11-28 01:45:20'),(6573,'2017-10-6',1,3,'2017-11-28 01:45:20'),(6574,'2017-10-6',1,3,'2017-11-28 01:45:20'),(6575,'2017-10-6',1,3,'2017-11-28 01:45:20'),(6576,'2017-10-6',1,3,'2017-11-28 01:45:20'),(6577,'2017-10-5',1,3,'2017-11-28 01:45:20'),(6578,'2017-10-6',1,3,'2017-11-28 01:45:21'),(6579,'2017-10-6',1,3,'2017-11-28 01:45:21'),(6580,'2017-11-22',5,3,'2017-11-28 01:45:21'),(6581,'2017-11-22',1,3,'2017-11-28 01:45:21'),(6582,'2017-11-22',1,3,'2017-11-28 01:45:21'),(6583,'2017-11-22',14,3,'2017-11-28 01:45:21'),(6584,'2017-11-22',5,3,'2017-11-28 01:45:21'),(6585,'2017-11-22',1,3,'2017-11-28 01:45:21'),(6586,'2017-11-22',1,3,'2017-11-28 01:45:21'),(6587,'2017-11-22',14,3,'2017-11-28 01:45:21'),(6588,'2017-11-22',5,3,'2017-11-28 01:45:21'),(6589,'2017-11-22',1,3,'2017-11-28 01:45:21'),(6590,'2017-11-22',1,3,'2017-11-28 01:45:21'),(6591,'2017-11-22',14,3,'2017-11-28 01:45:21'),(6592,'2017-10-6',1,3,'2017-11-28 01:45:21'),(6593,'2017-10-6',1,3,'2017-11-28 01:45:21'),(6594,'2017-10-6',33,3,'2017-11-28 01:45:21'),(6595,'2017-10-6',1,3,'2017-11-28 01:45:21'),(6596,'2017-10-6',1,3,'2017-11-28 01:45:21'),(6597,'2017-10-6',1,3,'2017-11-28 01:45:21'),(6598,'2017-10-6',1,3,'2017-11-28 01:45:21'),(6599,'2017-10-6',1,3,'2017-11-28 01:45:21'),(6600,'2017-11-22',1,3,'2017-11-28 01:45:21'),(6601,'2017-11-22',1,3,'2017-11-28 01:45:21'),(6602,'2017-11-22',19,3,'2017-11-28 01:45:22'),(6603,'2017-11-22',33,3,'2017-11-28 01:45:22'),(6604,'2017-11-22',1,3,'2017-11-28 01:45:22'),(6605,'2017-11-22',1,3,'2017-11-28 01:45:22'),(6606,'2017-11-22',19,3,'2017-11-28 01:45:22'),(6607,'2017-11-22',33,3,'2017-11-28 01:45:22'),(6608,'2017-11-22',1,3,'2017-11-28 01:45:22'),(6609,'2017-11-22',1,3,'2017-11-28 01:45:22'),(6610,'2017-11-22',19,3,'2017-11-28 01:45:22'),(6611,'2017-11-22',33,3,'2017-11-28 01:45:22'),(6612,'2017-10-6',1,3,'2017-11-28 01:45:22'),(6613,'2017-10-6',1,3,'2017-11-28 01:45:22'),(6614,'2017-10-6',19,3,'2017-11-28 01:45:22'),(6615,'2017-10-6',1,3,'2017-11-28 01:45:22'),(6616,'2017-10-6',1,3,'2017-11-28 01:45:22'),(6617,'2017-10-6',1,3,'2017-11-28 01:45:22'),(6618,'2017-10-6',19,3,'2017-11-28 01:45:22'),(6619,'2017-10-6',1,3,'2017-11-28 01:45:22'),(6620,'2017-10-6',1,3,'2017-11-28 01:45:22'),(6621,'2017-10-6',1,3,'2017-11-28 01:45:22'),(6622,'2017-10-6',1,3,'2017-11-28 01:45:22'),(6623,'2017-10-6',1,3,'2017-11-28 01:45:22'),(6624,'2017-10-6',1,3,'2017-11-28 01:45:22'),(6625,'2017-10-6',1,3,'2017-11-28 01:45:23'),(6626,'2017-10-6',1,3,'2017-11-28 01:45:23'),(6627,'2017-10-6',1,3,'2017-11-28 01:45:23'),(6628,'2017-10-6',1,3,'2017-11-28 01:45:23'),(6629,'2017-10-6',1,3,'2017-11-28 01:45:23'),(6630,'2017-10-6',1,3,'2017-11-28 01:45:23'),(6631,'2017-10-6',1,3,'2017-11-28 01:45:23'),(6632,'2017-10-6',1,3,'2017-11-28 01:45:23'),(6633,'2017-10-6',1,3,'2017-11-28 01:45:23'),(6634,'2017-11-22',1,3,'2017-11-28 01:45:23'),(6635,'2017-11-22',1,3,'2017-11-28 01:45:23'),(6636,'2017-11-22',47,3,'2017-11-28 01:45:23'),(6637,'2017-11-22',4,3,'2017-11-28 01:45:23'),(6638,'2017-11-22',1,3,'2017-11-28 01:45:23'),(6639,'2017-11-22',1,3,'2017-11-28 01:45:23'),(6640,'2017-11-22',47,3,'2017-11-28 01:45:23'),(6641,'2017-11-22',4,3,'2017-11-28 01:45:23'),(6642,'2017-11-22',1,3,'2017-11-28 01:45:23'),(6643,'2017-11-22',1,3,'2017-11-28 01:45:23'),(6644,'2017-11-22',47,3,'2017-11-28 01:45:23'),(6645,'2017-11-22',4,3,'2017-11-28 01:45:23'),(6646,'2017-10-5',1,3,'2017-11-28 01:45:23'),(6647,'2017-10-6',1,3,'2017-11-28 01:45:23'),(6648,'2017-10-6',1,3,'2017-11-28 01:45:24'),(6649,'2017-10-6',1,3,'2017-11-28 01:45:24'),(6650,'2017-10-6',1,3,'2017-11-28 01:45:24'),(6651,'2017-10-6',16,3,'2017-11-28 01:45:24'),(6652,'2017-10-6',1,3,'2017-11-28 01:45:24'),(6653,'2017-10-6',1,3,'2017-11-28 01:45:24'),(6654,'2017-10-6',1,3,'2017-11-28 01:45:24'),(6655,'2017-11-22',1,3,'2017-11-28 01:45:24'),(6656,'2017-11-22',1,3,'2017-11-28 01:45:24'),(6657,'2017-11-22',1,3,'2017-11-28 01:45:24'),(6658,'2017-11-22',1,3,'2017-11-28 01:45:24'),(6659,'2017-11-22',1,3,'2017-11-28 01:45:24'),(6660,'2017-11-22',1,3,'2017-11-28 01:45:24'),(6661,'2017-11-22',1,3,'2017-11-28 01:45:24'),(6662,'2017-11-22',1,3,'2017-11-28 01:45:24'),(6663,'2017-11-22',1,3,'2017-11-28 01:45:24'),(6664,'2017-10-6',1,3,'2017-11-28 01:45:24'),(6665,'2017-11-22',1,3,'2017-11-28 01:45:24'),(6666,'2017-11-22',1,3,'2017-11-28 01:45:24'),(6667,'2017-11-22',1,3,'2017-11-28 01:45:24'),(6668,'2017-11-22',1,3,'2017-11-28 01:45:24'),(6669,'2017-11-22',1,3,'2017-11-28 01:45:24'),(6670,'2017-11-22',1,3,'2017-11-28 01:45:24'),(6671,'2017-11-22',1,3,'2017-11-28 01:45:25'),(6672,'2017-11-22',1,3,'2017-11-28 01:45:25'),(6673,'2017-11-22',1,3,'2017-11-28 01:45:25'),(6674,'2017-11-22',1,3,'2017-11-28 01:45:25'),(6675,'2017-11-22',1,3,'2017-11-28 01:45:25'),(6676,'2017-11-22',1,3,'2017-11-28 01:45:25'),(6677,'2017-11-22',1,3,'2017-11-28 01:45:25'),(6678,'2017-11-22',1,3,'2017-11-28 01:45:25'),(6679,'2017-11-22',1,3,'2017-11-28 01:45:25'),(6680,'2017-11-22',1,3,'2017-11-28 01:45:25'),(6681,'2017-11-22',1,3,'2017-11-28 01:45:25'),(6682,'2017-11-22',1,3,'2017-11-28 01:45:25'),(6683,'2017-10-6',1,3,'2017-11-28 01:45:25'),(6684,'2017-10-6',1,3,'2017-11-28 01:45:25'),(6685,'2017-10-6',27,3,'2017-11-28 01:45:25'),(6686,'2017-10-6',1,3,'2017-11-28 01:45:25'),(6687,'2017-10-6',1,3,'2017-11-28 01:45:25'),(6688,'2017-10-6',16,3,'2017-11-28 01:45:25'),(6689,'2017-11-22',1,3,'2017-11-28 01:45:25'),(6690,'2017-11-22',1,3,'2017-11-28 01:45:25'),(6691,'2017-11-22',1,3,'2017-11-28 01:45:25'),(6692,'2017-10-5',47,3,'2017-11-28 01:45:25'),(6693,'2017-10-6',1,3,'2017-11-28 01:45:25'),(6694,'2017-11-22',1,3,'2017-11-28 01:45:26'),(6695,'2017-11-22',1,3,'2017-11-28 01:45:26'),(6696,'2017-11-22',1,3,'2017-11-28 01:45:26'),(6697,'2017-10-5',1,3,'2017-11-28 01:45:26'),(6698,'2017-10-6',1,3,'2017-11-28 01:45:26'),(6699,'2017-10-6',1,3,'2017-11-28 01:45:26'),(6700,'2017-10-6',1,3,'2017-11-28 01:45:26'),(6701,'2017-10-6',1,3,'2017-11-28 01:45:26'),(6702,'2017-10-6',19,3,'2017-11-28 01:45:26'),(6703,'2017-10-6',1,3,'2017-11-28 01:45:26'),(6704,'2017-10-6',19,3,'2017-11-28 01:45:26'),(6705,'2017-10-22',1,3,'2017-11-28 01:45:26'),(6706,'2017-10-22',1,3,'2017-11-28 01:45:26'),(6707,'2017-10-22',1,3,'2017-11-28 01:45:26'),(6708,'2017-10-5',1,3,'2017-11-28 01:45:26'),(6709,'2017-10-6',1,3,'2017-11-28 01:45:26'),(6710,'2017-10-6',1,3,'2017-11-28 01:45:26'),(6711,'2017-10-6',1,3,'2017-11-28 01:45:26'),(6712,'2017-10-6',1,3,'2017-11-28 01:45:26'),(6713,'2017-10-5',1,3,'2017-11-28 01:45:26'),(6714,'2017-10-6',1,3,'2017-11-28 01:45:26'),(6715,'2017-10-6',1,3,'2017-11-28 01:45:26'),(6716,'2017-10-6',1,3,'2017-11-28 01:45:27'),(6717,'2017-10-6',1,3,'2017-11-28 01:45:27'),(6718,'2017-10-6',1,3,'2017-11-28 01:45:27'),(6719,'2017-10-6',1,3,'2017-11-28 01:45:27'),(6720,'2017-10-6',1,3,'2017-11-28 01:45:27'),(6721,'2017-10-6',1,3,'2017-11-28 01:45:27'),(6722,'2017-10-6',1,3,'2017-11-28 01:45:27'),(6723,'2017-10-6',1,3,'2017-11-28 01:45:27'),(6724,'2017-10-6',1,3,'2017-11-28 01:45:27'),(6725,'2017-10-6',1,3,'2017-11-28 01:45:27'),(6726,'2017-11-22',1,3,'2017-11-28 01:45:27'),(6727,'2017-11-22',1,3,'2017-11-28 01:45:27'),(6728,'2017-11-22',9,3,'2017-11-28 01:45:27'),(6729,'2017-11-22',1,3,'2017-11-28 01:45:27'),(6730,'2017-11-22',1,3,'2017-11-28 01:45:27'),(6731,'2017-11-22',9,3,'2017-11-28 01:45:27'),(6732,'2017-11-22',1,3,'2017-11-28 01:45:27'),(6733,'2017-11-22',1,3,'2017-11-28 01:45:27'),(6734,'2017-11-22',9,3,'2017-11-28 01:45:27'),(6735,'2017-10-5',1,3,'2017-11-28 01:45:27'),(6736,'2017-10-6',1,3,'2017-11-28 01:45:28'),(6737,'2017-10-6',1,3,'2017-11-28 01:45:28'),(6738,'2017-10-6',1,3,'2017-11-28 01:45:28'),(6739,'2017-10-6',1,3,'2017-11-28 01:45:28'),(6740,'2017-10-6',1,3,'2017-11-28 01:45:28'),(6741,'2017-10-6',1,3,'2017-11-28 01:45:28'),(6742,'2017-10-6',1,3,'2017-11-28 01:45:28'),(6743,'2017-10-6',1,3,'2017-11-28 01:45:28'),(6744,'2017-10-6',1,3,'2017-11-28 01:45:28'),(6745,'2017-10-6',1,3,'2017-11-28 01:45:28'),(6746,'2017-10-5',1,3,'2017-11-28 01:45:28'),(6747,'2017-10-6',1,3,'2017-11-28 01:45:28'),(6748,'2017-10-6',1,3,'2017-11-28 01:45:28'),(6749,'2017-10-6',47,3,'2017-11-28 01:45:28'),(6750,'2017-10-6',1,3,'2017-11-28 01:45:28'),(6751,'2017-10-6',1,3,'2017-11-28 01:45:28'),(6752,'2017-10-6',1,3,'2017-11-28 01:45:28'),(6753,'2017-10-6',1,3,'2017-11-28 01:45:28'),(6754,'2017-11-22',1,3,'2017-11-28 01:45:28'),(6755,'2017-11-22',1,3,'2017-11-28 01:45:28'),(6756,'2017-11-22',1,3,'2017-11-28 01:45:28'),(6757,'2017-11-22',1,3,'2017-11-28 01:45:28'),(6758,'2017-11-22',1,3,'2017-11-28 01:45:28'),(6759,'2017-11-22',1,3,'2017-11-28 01:45:29'),(6760,'2017-10-6',1,3,'2017-11-28 01:45:29'),(6761,'2017-10-6',1,3,'2017-11-28 01:45:29'),(6762,'2017-10-6',47,3,'2017-11-28 01:45:29'),(6763,'2017-11-22',1,3,'2017-11-28 01:45:29'),(6764,'2017-11-22',1,3,'2017-11-28 01:45:29'),(6765,'2017-11-22',1,3,'2017-11-28 01:45:29'),(6766,'2017-11-22',41,3,'2017-11-28 01:45:29'),(6767,'2017-11-22',5,3,'2017-11-28 01:45:29'),(6768,'2017-11-22',1,3,'2017-11-28 01:45:29'),(6769,'2017-11-22',1,3,'2017-11-28 01:45:29'),(6770,'2017-11-22',1,3,'2017-11-28 01:45:29'),(6771,'2017-11-22',41,3,'2017-11-28 01:45:29'),(6772,'2017-11-22',5,3,'2017-11-28 01:45:29'),(6773,'2017-11-22',1,3,'2017-11-28 01:45:29'),(6774,'2017-11-22',1,3,'2017-11-28 01:45:29'),(6775,'2017-11-22',1,3,'2017-11-28 01:45:29'),(6776,'2017-11-22',41,3,'2017-11-28 01:45:29'),(6777,'2017-11-22',5,3,'2017-11-28 01:45:29'),(6778,'2017-10-6',1,3,'2017-11-28 01:45:29'),(6779,'2017-10-6',1,3,'2017-11-28 01:45:29'),(6780,'2017-10-6',1,3,'2017-11-28 01:45:30'),(6781,'2017-11-22',1,3,'2017-11-28 01:45:30'),(6782,'2017-11-22',1,3,'2017-11-28 01:45:30'),(6783,'2017-11-22',1,3,'2017-11-28 01:45:30'),(6784,'2017-10-5',1,3,'2017-11-28 01:45:30'),(6785,'2017-11-22',2,4,'2017-11-28 01:45:30'),(6786,'2017-11-22',2,4,'2017-11-28 01:45:30'),(6787,'2017-11-22',2,4,'2017-11-28 01:45:30'),(6788,'2017-11-22',36,4,'2017-11-28 01:45:30'),(6789,'2017-11-22',36,4,'2017-11-28 01:45:30'),(6790,'2017-11-22',36,4,'2017-11-28 01:45:30'),(6791,'2017-10-6',1,4,'2017-11-28 01:45:30'),(6792,'2017-10-5',1,4,'2017-11-28 01:45:30'),(6793,'2017-10-6',1,4,'2017-11-28 01:45:30'),(6794,'2017-10-6',39,4,'2017-11-28 01:45:30'),(6795,'2017-10-6',1,4,'2017-11-28 01:45:30'),(6796,'2017-10-5',1,4,'2017-11-28 01:45:31'),(6797,'2017-10-5',47,4,'2017-11-28 01:45:31'),(6798,'2017-10-6',1,4,'2017-11-28 01:45:31'),(6799,'2017-10-5',1,4,'2017-11-28 01:45:31'),(6800,'2017-10-5',1,4,'2017-11-28 01:45:31'),(6801,'2017-10-6',1,4,'2017-11-28 01:45:31'),(6802,'2017-10-6',1,4,'2017-11-28 01:45:31'),(6803,'2017-11-22',1,4,'2017-11-28 01:45:31'),(6804,'2017-11-22',10,4,'2017-11-28 01:45:31'),(6805,'2017-11-22',47,4,'2017-11-28 01:45:31'),(6806,'2017-11-22',1,4,'2017-11-28 01:45:31'),(6807,'2017-11-22',47,4,'2017-11-28 01:45:31'),(6808,'2017-11-22',1,4,'2017-11-28 01:45:31'),(6809,'2017-11-22',10,4,'2017-11-28 01:45:31'),(6810,'2017-11-22',47,4,'2017-11-28 01:45:31'),(6811,'2017-11-22',1,4,'2017-11-28 01:45:31'),(6812,'2017-11-22',47,4,'2017-11-28 01:45:31'),(6813,'2017-11-22',1,4,'2017-11-28 01:45:31'),(6814,'2017-11-22',10,4,'2017-11-28 01:45:31'),(6815,'2017-11-22',47,4,'2017-11-28 01:45:31'),(6816,'2017-11-22',1,4,'2017-11-28 01:45:31'),(6817,'2017-11-22',47,4,'2017-11-28 01:45:32'),(6818,'2017-10-5',39,4,'2017-11-28 01:45:32'),(6819,'2017-10-6',1,4,'2017-11-28 01:45:32'),(6820,'2017-10-6',10,4,'2017-11-28 01:45:32'),(6821,'2017-11-22',1,4,'2017-11-28 01:45:32'),(6822,'2017-11-22',26,4,'2017-11-28 01:45:32'),(6823,'2017-11-22',1,4,'2017-11-28 01:45:32'),(6824,'2017-11-22',1,4,'2017-11-28 01:45:32'),(6825,'2017-11-22',26,4,'2017-11-28 01:45:32'),(6826,'2017-11-22',1,4,'2017-11-28 01:45:32'),(6827,'2017-11-22',1,4,'2017-11-28 01:45:32'),(6828,'2017-11-22',26,4,'2017-11-28 01:45:32'),(6829,'2017-11-22',1,4,'2017-11-28 01:45:32'),(6830,'2017-10-5',1,4,'2017-11-28 01:45:32'),(6831,'2017-10-5',1,4,'2017-11-28 01:45:32'),(6832,'2017-10-5',1,4,'2017-11-28 01:45:32'),(6833,'2017-10-6',1,4,'2017-11-28 01:45:32'),(6834,'2017-10-6',1,4,'2017-11-28 01:45:32'),(6835,'2017-11-22',47,4,'2017-11-28 01:45:32'),(6836,'2017-11-22',47,4,'2017-11-28 01:45:32'),(6837,'2017-11-22',47,4,'2017-11-28 01:45:32'),(6838,'2017-10-6',1,4,'2017-11-28 01:45:32'),(6839,'2017-10-6',1,4,'2017-11-28 01:45:33'),(6840,'2017-10-6',1,4,'2017-11-28 01:45:33'),(6841,'2017-10-6',1,4,'2017-11-28 01:45:33'),(6842,'2017-10-6',1,4,'2017-11-28 01:45:33'),(6843,'2017-10-6',1,4,'2017-11-28 01:45:33'),(6844,'2017-10-6',47,4,'2017-11-28 01:45:33'),(6845,'2017-11-22',19,4,'2017-11-28 01:45:33'),(6846,'2017-11-22',1,4,'2017-11-28 01:45:33'),(6847,'2017-11-22',1,4,'2017-11-28 01:45:33'),(6848,'2017-11-22',19,4,'2017-11-28 01:45:33'),(6849,'2017-11-22',1,4,'2017-11-28 01:45:33'),(6850,'2017-11-22',1,4,'2017-11-28 01:45:33'),(6851,'2017-11-22',19,4,'2017-11-28 01:45:33'),(6852,'2017-11-22',1,4,'2017-11-28 01:45:33'),(6853,'2017-11-22',1,4,'2017-11-28 01:45:33'),(6854,'2017-10-6',1,4,'2017-11-28 01:45:33'),(6855,'2017-10-6',1,4,'2017-11-28 01:45:33'),(6856,'2017-10-6',1,4,'2017-11-28 01:45:33'),(6857,'2017-10-6',1,4,'2017-11-28 01:45:33'),(6858,'2017-10-6',1,4,'2017-11-28 01:45:33'),(6859,'2017-11-22',1,4,'2017-11-28 01:45:33'),(6860,'2017-11-22',1,4,'2017-11-28 01:45:33'),(6861,'2017-11-22',1,4,'2017-11-28 01:45:34'),(6862,'2017-11-22',47,4,'2017-11-28 01:45:34'),(6863,'2017-11-22',1,4,'2017-11-28 01:45:34'),(6864,'2017-11-22',1,4,'2017-11-28 01:45:34'),(6865,'2017-11-22',1,4,'2017-11-28 01:45:34'),(6866,'2017-11-22',1,4,'2017-11-28 01:45:34'),(6867,'2017-11-22',1,4,'2017-11-28 01:45:34'),(6868,'2017-11-22',1,4,'2017-11-28 01:45:34'),(6869,'2017-11-22',47,4,'2017-11-28 01:45:34'),(6870,'2017-11-22',1,4,'2017-11-28 01:45:34'),(6871,'2017-11-22',1,4,'2017-11-28 01:45:34'),(6872,'2017-11-22',1,4,'2017-11-28 01:45:34'),(6873,'2017-11-22',1,4,'2017-11-28 01:45:34'),(6874,'2017-11-22',1,4,'2017-11-28 01:45:34'),(6875,'2017-11-22',1,4,'2017-11-28 01:45:34'),(6876,'2017-11-22',47,4,'2017-11-28 01:45:34'),(6877,'2017-11-22',1,4,'2017-11-28 01:45:34'),(6878,'2017-11-22',1,4,'2017-11-28 01:45:34'),(6879,'2017-11-22',1,4,'2017-11-28 01:45:34'),(6880,'2017-10-5',1,4,'2017-11-28 01:45:34'),(6881,'2017-10-6',1,4,'2017-11-28 01:45:34'),(6882,'2017-10-6',1,4,'2017-11-28 01:45:34'),(6883,'2017-10-6',1,4,'2017-11-28 01:45:35'),(6884,'2017-10-6',1,4,'2017-11-28 01:45:35'),(6885,'2017-10-6',1,4,'2017-11-28 01:45:35'),(6886,'2017-10-6',1,4,'2017-11-28 01:45:35'),(6887,'2017-11-22',12,4,'2017-11-28 01:45:35'),(6888,'2017-11-22',1,4,'2017-11-28 01:45:35'),(6889,'2017-11-22',1,4,'2017-11-28 01:45:35'),(6890,'2017-11-22',1,4,'2017-11-28 01:45:35'),(6891,'2017-11-22',12,4,'2017-11-28 01:45:35'),(6892,'2017-11-22',1,4,'2017-11-28 01:45:35'),(6893,'2017-11-22',1,4,'2017-11-28 01:45:35'),(6894,'2017-11-22',1,4,'2017-11-28 01:45:35'),(6895,'2017-11-22',12,4,'2017-11-28 01:45:35'),(6896,'2017-11-22',1,4,'2017-11-28 01:45:35'),(6897,'2017-11-22',1,4,'2017-11-28 01:45:35'),(6898,'2017-11-22',1,4,'2017-11-28 01:45:35'),(6899,'2017-10-6',1,4,'2017-11-28 01:45:35'),(6900,'2017-10-6',1,4,'2017-11-28 01:45:35'),(6901,'2017-10-6',1,4,'2017-11-28 01:45:35'),(6902,'2017-10-6',1,4,'2017-11-28 01:45:35'),(6903,'2017-11-22',1,4,'2017-11-28 01:45:35'),(6904,'2017-11-22',1,4,'2017-11-28 01:45:35'),(6905,'2017-11-22',1,4,'2017-11-28 01:45:35'),(6906,'2017-11-22',1,4,'2017-11-28 01:45:35'),(6907,'2017-11-22',1,4,'2017-11-28 01:45:35'),(6908,'2017-11-22',1,4,'2017-11-28 01:45:36'),(6909,'2017-11-22',11,4,'2017-11-28 01:45:36'),(6910,'2017-11-22',11,4,'2017-11-28 01:45:36'),(6911,'2017-11-22',11,4,'2017-11-28 01:45:36'),(6912,'2017-10-6',1,4,'2017-11-28 01:45:36'),(6913,'2017-11-22',1,4,'2017-11-28 01:45:36'),(6914,'2017-11-22',2,4,'2017-11-28 01:45:36'),(6915,'2017-11-22',2,4,'2017-11-28 01:45:36'),(6916,'2017-11-22',1,4,'2017-11-28 01:45:36'),(6917,'2017-11-22',2,4,'2017-11-28 01:45:36'),(6918,'2017-11-22',2,4,'2017-11-28 01:45:36'),(6919,'2017-11-22',1,4,'2017-11-28 01:45:36'),(6920,'2017-11-22',2,4,'2017-11-28 01:45:36'),(6921,'2017-11-22',2,4,'2017-11-28 01:45:36'),(6922,'2017-10-6',1,4,'2017-11-28 01:45:36'),(6923,'2017-10-6',1,4,'2017-11-28 01:45:36'),(6924,'2017-11-22',1,4,'2017-11-28 01:45:36'),(6925,'2017-11-22',1,4,'2017-11-28 01:45:36'),(6926,'2017-11-22',1,4,'2017-11-28 01:45:36'),(6927,'2017-10-6',1,4,'2017-11-28 01:45:36'),(6928,'2017-11-22',9,4,'2017-11-28 01:45:36'),(6929,'2017-11-22',9,4,'2017-11-28 01:45:36'),(6930,'2017-11-22',9,4,'2017-11-28 01:45:36'),(6931,'2017-11-22',1,4,'2017-11-28 01:45:37'),(6932,'2017-11-22',1,4,'2017-11-28 01:45:37'),(6933,'2017-11-22',1,4,'2017-11-28 01:45:37'),(6934,'2017-10-6',1,4,'2017-11-28 01:45:37'),(6935,'2017-11-22',39,4,'2017-11-28 01:45:37'),(6936,'2017-11-22',39,4,'2017-11-28 01:45:37'),(6937,'2017-11-22',39,4,'2017-11-28 01:45:37'),(6938,'2017-10-5',1,4,'2017-11-28 01:45:37'),(6939,'2017-11-22',1,4,'2017-11-28 01:45:37'),(6940,'2017-11-22',1,4,'2017-11-28 01:45:37'),(6941,'2017-11-22',1,4,'2017-11-28 01:45:37'),(6942,'2017-11-22',1,4,'2017-11-28 01:45:37'),(6943,'2017-11-22',1,4,'2017-11-28 01:45:37'),(6944,'2017-11-22',1,4,'2017-11-28 01:45:37'),(6945,'2017-11-22',1,4,'2017-11-28 01:45:37'),(6946,'2017-11-22',1,4,'2017-11-28 01:45:37'),(6947,'2017-11-22',1,4,'2017-11-28 01:45:37'),(6948,'2017-10-6',1,4,'2017-11-28 01:45:37'),(6949,'2017-10-6',1,4,'2017-11-28 01:45:37'),(6950,'2017-11-22',1,4,'2017-11-28 01:45:37'),(6951,'2017-11-22',1,4,'2017-11-28 01:45:37'),(6952,'2017-11-22',1,4,'2017-11-28 01:45:37'),(6953,'2017-11-22',1,4,'2017-11-28 01:45:37'),(6954,'2017-11-22',1,4,'2017-11-28 01:45:37'),(6955,'2017-11-22',1,4,'2017-11-28 01:45:38'),(6956,'2017-11-22',1,4,'2017-11-28 01:45:38'),(6957,'2017-11-22',1,4,'2017-11-28 01:45:38'),(6958,'2017-11-22',1,4,'2017-11-28 01:45:38'),(6959,'2017-10-6',1,4,'2017-11-28 01:45:38'),(6960,'2017-10-6',19,4,'2017-11-28 01:45:38'),(6961,'2017-11-22',1,4,'2017-11-28 01:45:38'),(6962,'2017-11-22',1,4,'2017-11-28 01:45:38'),(6963,'2017-11-22',1,4,'2017-11-28 01:45:38'),(6964,'2017-11-22',1,4,'2017-11-28 01:45:38'),(6965,'2017-11-22',1,4,'2017-11-28 01:45:38'),(6966,'2017-11-22',1,4,'2017-11-28 01:45:38'),(6967,'2017-10-6',1,4,'2017-11-28 01:45:38'),(6968,'2017-11-22',1,4,'2017-11-28 01:45:38'),(6969,'2017-11-22',1,4,'2017-11-28 01:45:38'),(6970,'2017-11-22',1,4,'2017-11-28 01:45:38'),(6971,'2017-11-22',47,4,'2017-11-28 01:45:38'),(6972,'2017-11-22',47,4,'2017-11-28 01:45:38'),(6973,'2017-11-22',47,4,'2017-11-28 01:45:38'),(6974,'2017-11-22',1,4,'2017-11-28 01:45:38'),(6975,'2017-11-22',1,4,'2017-11-28 01:45:38'),(6976,'2017-11-22',1,4,'2017-11-28 01:45:38'),(6977,'2017-10-6',10,4,'2017-11-28 01:45:38'),(6978,'2017-10-6',1,4,'2017-11-28 01:45:38'),(6979,'2017-10-6',1,4,'2017-11-28 01:45:38'),(6980,'2017-11-22',19,4,'2017-11-28 01:45:39'),(6981,'2017-11-22',19,4,'2017-11-28 01:45:39'),(6982,'2017-11-22',19,4,'2017-11-28 01:45:39'),(6983,'2017-10-6',1,4,'2017-11-28 01:45:39'),(6984,'2017-10-6',19,4,'2017-11-28 01:45:39'),(6985,'2017-11-22',1,4,'2017-11-28 01:45:39'),(6986,'2017-11-22',1,4,'2017-11-28 01:45:39'),(6987,'2017-11-22',1,4,'2017-11-28 01:45:39'),(6988,'2017-10-5',1,4,'2017-11-28 01:45:39'),(6989,'2017-10-6',1,4,'2017-11-28 01:45:39'),(6990,'2017-10-6',1,4,'2017-11-28 01:45:39'),(6991,'2017-10-6',1,4,'2017-11-28 01:45:39'),(6992,'2017-10-6',1,4,'2017-11-28 01:45:39'),(6993,'2017-10-6',1,4,'2017-11-28 01:45:39'),(6994,'2017-10-6',1,4,'2017-11-28 01:45:39'),(6995,'2017-10-6',1,4,'2017-11-28 01:45:39'),(6996,'2017-10-6',1,4,'2017-11-28 01:45:39'),(6997,'2017-10-5',1,4,'2017-11-28 01:45:39'),(6998,'2017-10-6',1,4,'2017-11-28 01:45:39'),(6999,'2017-11-22',47,4,'2017-11-28 01:45:39'),(7000,'2017-11-22',47,4,'2017-11-28 01:45:39'),(7001,'2017-11-22',47,4,'2017-11-28 01:45:39'),(7002,'2017-11-22',1,4,'2017-11-28 01:45:40'),(7003,'2017-11-22',1,4,'2017-11-28 01:45:40'),(7004,'2017-11-22',1,4,'2017-11-28 01:45:40'),(7005,'2017-10-6',1,4,'2017-11-28 01:45:40'),(7006,'2017-10-5',1,4,'2017-11-28 01:45:40'),(7007,'2017-10-6',1,4,'2017-11-28 01:45:40'),(7008,'2017-10-5',1,4,'2017-11-28 01:45:40'),(7009,'2017-10-6',1,4,'2017-11-28 01:45:40'),(7010,'2017-11-22',19,4,'2017-11-28 01:45:40'),(7011,'2017-11-22',19,4,'2017-11-28 01:45:40'),(7012,'2017-11-22',19,4,'2017-11-28 01:45:40'),(7013,'2017-10-6',1,4,'2017-11-28 01:45:40'),(7014,'2017-10-6',1,4,'2017-11-28 01:45:40'),(7015,'2017-11-22',22,4,'2017-11-28 01:45:40'),(7016,'2017-11-22',22,4,'2017-11-28 01:45:40'),(7017,'2017-11-22',22,4,'2017-11-28 01:45:40'),(7018,'2017-10-5',1,4,'2017-11-28 01:45:40'),(7019,'2017-10-6',1,4,'2017-11-28 01:45:40'),(7020,'2017-10-6',1,4,'2017-11-28 01:45:40'),(7021,'2017-10-6',1,4,'2017-11-28 01:45:41'),(7022,'2017-10-6',1,4,'2017-11-28 01:45:41'),(7023,'2017-10-6',1,4,'2017-11-28 01:45:41'),(7024,'2017-10-6',1,4,'2017-11-28 01:45:41'),(7025,'2017-10-6',1,4,'2017-11-28 01:45:41'),(7026,'2017-10-6',1,4,'2017-11-28 01:45:41'),(7027,'2017-10-5',1,4,'2017-11-28 01:45:41'),(7028,'2017-10-6',1,4,'2017-11-28 01:45:41'),(7029,'2017-10-6',1,4,'2017-11-28 01:45:41'),(7030,'2017-10-6',1,4,'2017-11-28 01:45:41'),(7031,'2017-10-6',1,4,'2017-11-28 01:45:41'),(7032,'2017-11-22',1,4,'2017-11-28 01:45:41'),(7033,'2017-11-22',1,4,'2017-11-28 01:45:41'),(7034,'2017-11-22',1,4,'2017-11-28 01:45:41'),(7035,'2017-10-6',1,4,'2017-11-28 01:45:41'),(7036,'2017-10-6',1,4,'2017-11-28 01:45:41'),(7037,'2017-10-6',1,4,'2017-11-28 01:45:41'),(7038,'2017-10-6',1,4,'2017-11-28 01:45:41'),(7039,'2017-10-6',1,4,'2017-11-28 01:45:41'),(7040,'2017-10-6',1,4,'2017-11-28 01:45:41'),(7041,'2017-10-6',1,4,'2017-11-28 01:45:41'),(7042,'2017-10-6',1,4,'2017-11-28 01:45:42'),(7043,'2017-10-6',19,4,'2017-11-28 01:45:42'),(7044,'2017-10-6',47,4,'2017-11-28 01:45:42'),(7045,'2017-10-6',14,4,'2017-11-28 01:45:42'),(7046,'2017-10-6',1,4,'2017-11-28 01:45:42'),(7047,'2017-10-6',1,4,'2017-11-28 01:45:42'),(7048,'2017-10-6',1,4,'2017-11-28 01:45:42'),(7049,'2017-11-22',1,4,'2017-11-28 01:45:42'),(7050,'2017-11-22',1,4,'2017-11-28 01:45:42'),(7051,'2017-11-22',1,4,'2017-11-28 01:45:42'),(7052,'2017-10-5',1,4,'2017-11-28 01:45:42'),(7053,'2017-10-6',1,4,'2017-11-28 01:45:42'),(7054,'2017-11-22',10,4,'2017-11-28 01:45:42'),(7055,'2017-11-22',10,4,'2017-11-28 01:45:42'),(7056,'2017-11-22',10,4,'2017-11-28 01:45:42'),(7057,'2017-10-6',1,4,'2017-11-28 01:45:42'),(7058,'2017-10-6',1,4,'2017-11-28 01:45:42'),(7059,'2017-10-6',51,4,'2017-11-28 01:45:42'),(7060,'2017-10-6',1,4,'2017-11-28 01:45:42'),(7061,'2017-11-22',47,4,'2017-11-28 01:45:42'),(7062,'2017-11-22',1,4,'2017-11-28 01:45:42'),(7063,'2017-11-22',47,4,'2017-11-28 01:45:42'),(7064,'2017-11-22',1,4,'2017-11-28 01:45:42'),(7065,'2017-11-22',47,4,'2017-11-28 01:45:42'),(7066,'2017-11-22',1,4,'2017-11-28 01:45:43'),(7067,'2017-10-6',1,4,'2017-11-28 01:45:43'),(7068,'2017-10-6',1,4,'2017-11-28 01:45:43'),(7069,'2017-11-22',1,4,'2017-11-28 01:45:43'),(7070,'2017-11-22',1,4,'2017-11-28 01:45:43'),(7071,'2017-11-22',1,4,'2017-11-28 01:45:43'),(7072,'2017-10-6',1,4,'2017-11-28 01:45:43'),(7073,'2017-10-6',1,4,'2017-11-28 01:45:43'),(7074,'2017-10-5',1,4,'2017-11-28 01:45:43'),(7075,'2017-10-6',1,4,'2017-11-28 01:45:43'),(7076,'2017-10-6',1,4,'2017-11-28 01:45:43'),(7077,'2017-10-6',1,4,'2017-11-28 01:45:43'),(7078,'2017-10-6',1,4,'2017-11-28 01:45:43'),(7079,'2017-10-6',1,4,'2017-11-28 01:45:43'),(7080,'2017-10-6',1,4,'2017-11-28 01:45:43'),(7081,'2017-10-6',1,4,'2017-11-28 01:45:43'),(7082,'2017-10-6',1,4,'2017-11-28 01:45:43'),(7083,'2017-10-6',1,4,'2017-11-28 01:45:43'),(7084,'2017-11-22',1,4,'2017-11-28 01:45:43'),(7085,'2017-11-22',1,4,'2017-11-28 01:45:43'),(7086,'2017-11-22',1,4,'2017-11-28 01:45:43'),(7087,'2017-10-6',1,4,'2017-11-28 01:45:43'),(7088,'2017-10-6',1,4,'2017-11-28 01:45:44'),(7089,'2017-10-6',10,4,'2017-11-28 01:45:44'),(7090,'2017-10-6',1,4,'2017-11-28 01:45:44'),(7091,'2017-10-6',1,4,'2017-11-28 01:45:44'),(7092,'2017-10-6',1,4,'2017-11-28 01:45:44'),(7093,'2017-10-6',1,4,'2017-11-28 01:45:44'),(7094,'2017-10-6',9,4,'2017-11-28 01:45:44'),(7095,'2017-11-22',1,4,'2017-11-28 01:45:44'),(7096,'2017-11-22',1,4,'2017-11-28 01:45:44'),(7097,'2017-11-22',1,4,'2017-11-28 01:45:44'),(7098,'2017-10-5',1,4,'2017-11-28 01:45:44'),(7099,'2017-10-5',1,4,'2017-11-28 01:45:44'),(7100,'2017-10-6',1,4,'2017-11-28 01:45:44'),(7101,'2017-10-6',1,4,'2017-11-28 01:45:44'),(7102,'2017-10-6',1,4,'2017-11-28 01:45:44'),(7103,'2017-11-22',1,4,'2017-11-28 01:45:44'),(7104,'2017-11-22',1,4,'2017-11-28 01:45:44'),(7105,'2017-11-22',1,4,'2017-11-28 01:45:44'),(7106,'2017-10-5',1,4,'2017-11-28 01:45:44'),(7107,'2017-10-6',1,4,'2017-11-28 01:45:44'),(7108,'2017-10-6',1,4,'2017-11-28 01:45:44'),(7109,'2017-11-22',1,4,'2017-11-28 01:45:44'),(7110,'2017-11-22',1,4,'2017-11-28 01:45:44'),(7111,'2017-11-22',1,4,'2017-11-28 01:45:44'),(7112,'2017-11-22',1,4,'2017-11-28 01:45:45'),(7113,'2017-11-22',1,4,'2017-11-28 01:45:45'),(7114,'2017-11-22',1,4,'2017-11-28 01:45:45'),(7115,'2017-11-22',1,4,'2017-11-28 01:45:45'),(7116,'2017-11-22',1,4,'2017-11-28 01:45:45'),(7117,'2017-11-22',1,4,'2017-11-28 01:45:45'),(7118,'2017-10-6',1,4,'2017-11-28 01:45:45'),(7119,'2017-10-6',1,4,'2017-11-28 01:45:45'),(7120,'2017-10-6',1,4,'2017-11-28 01:45:45'),(7121,'2017-10-6',1,4,'2017-11-28 01:45:45'),(7122,'2017-11-22',1,4,'2017-11-28 01:45:45'),(7123,'2017-11-22',1,4,'2017-11-28 01:45:45'),(7124,'2017-11-22',1,4,'2017-11-28 01:45:45'),(7125,'2017-10-6',1,4,'2017-11-28 01:45:45'),(7126,'2017-11-22',1,4,'2017-11-28 01:45:45'),(7127,'2017-11-22',1,4,'2017-11-28 01:45:45'),(7128,'2017-11-22',1,4,'2017-11-28 01:45:45'),(7129,'2017-10-5',1,4,'2017-11-28 01:45:45'),(7130,'2017-10-5',1,4,'2017-11-28 01:45:45'),(7131,'2017-10-5',1,4,'2017-11-28 01:45:45'),(7132,'2017-10-5',1,4,'2017-11-28 01:45:45'),(7133,'2017-10-6',1,4,'2017-11-28 01:45:45'),(7134,'2017-11-22',1,4,'2017-11-28 01:45:46'),(7135,'2017-11-22',1,4,'2017-11-28 01:45:46'),(7136,'2017-11-22',1,4,'2017-11-28 01:45:46'),(7137,'2017-10-5',1,4,'2017-11-28 01:45:46'),(7138,'2017-10-6',1,4,'2017-11-28 01:45:46'),(7139,'2017-10-6',1,4,'2017-11-28 01:45:46'),(7140,'2017-10-6',1,4,'2017-11-28 01:45:46'),(7141,'2017-10-6',1,4,'2017-11-28 01:45:46'),(7142,'2017-10-6',1,4,'2017-11-28 01:45:46'),(7143,'2017-10-5',1,4,'2017-11-28 01:45:46'),(7144,'2017-10-6',1,5,'2017-11-28 01:45:46'),(7145,'2017-10-6',1,5,'2017-11-28 01:45:46'),(7146,'2017-10-7',1,5,'2017-11-28 01:45:46'),(7147,'2017-10-5',1,5,'2017-11-28 01:45:46'),(7148,'2017-10-6',1,5,'2017-11-28 01:45:46'),(7149,'2017-10-6',1,5,'2017-11-28 01:45:46'),(7150,'2017-11-22',1,5,'2017-11-28 01:45:46'),(7151,'2017-11-22',1,5,'2017-11-28 01:45:46'),(7152,'2017-11-22',1,5,'2017-11-28 01:45:46'),(7153,'2017-10-5',1,5,'2017-11-28 01:45:46'),(7154,'2017-10-6',1,5,'2017-11-28 01:45:46'),(7155,'2017-10-6',1,5,'2017-11-28 01:45:46'),(7156,'2017-10-6',1,5,'2017-11-28 01:45:47'),(7157,'2017-10-6',1,5,'2017-11-28 01:45:47'),(7158,'2017-10-6',1,5,'2017-11-28 01:45:47'),(7159,'2017-11-22',1,5,'2017-11-28 01:45:47'),(7160,'2017-11-22',1,5,'2017-11-28 01:45:47'),(7161,'2017-11-22',1,5,'2017-11-28 01:45:47'),(7162,'2017-10-6',1,5,'2017-11-28 01:45:47'),(7163,'2017-10-6',1,5,'2017-11-28 01:45:47'),(7164,'2017-10-6',1,5,'2017-11-28 01:45:47'),(7165,'2017-10-6',1,5,'2017-11-28 01:45:47'),(7166,'2017-11-22',1,5,'2017-11-28 01:45:47'),(7167,'2017-11-22',1,5,'2017-11-28 01:45:47'),(7168,'2017-11-22',1,5,'2017-11-28 01:45:47'),(7169,'2017-10-6',1,5,'2017-11-28 01:45:47'),(7170,'2017-10-6',1,5,'2017-11-28 01:45:47'),(7171,'2017-10-6',1,5,'2017-11-28 01:45:47'),(7172,'2017-10-7',1,5,'2017-11-28 01:45:47'),(7173,'2017-10-5',1,5,'2017-11-28 01:45:47'),(7174,'2017-10-6',1,5,'2017-11-28 01:45:47'),(7175,'2017-10-6',1,5,'2017-11-28 01:45:47'),(7176,'2017-11-22',1,5,'2017-11-28 01:45:47'),(7177,'2017-11-22',1,5,'2017-11-28 01:45:47'),(7178,'2017-11-22',1,5,'2017-11-28 01:45:48'),(7179,'2017-10-5',1,5,'2017-11-28 01:45:48'),(7180,'2017-10-6',1,5,'2017-11-28 01:45:48'),(7181,'2017-10-6',1,5,'2017-11-28 01:45:48'),(7182,'2017-10-6',1,5,'2017-11-28 01:45:48'),(7183,'2017-10-6',1,5,'2017-11-28 01:45:48'),(7184,'2017-10-6',1,5,'2017-11-28 01:45:48'),(7185,'2017-11-22',1,5,'2017-11-28 01:45:48'),(7186,'2017-11-22',1,5,'2017-11-28 01:45:48'),(7187,'2017-11-22',1,5,'2017-11-28 01:45:48'),(7188,'2017-10-6',1,5,'2017-11-28 01:45:48'),(7189,'2017-10-6',1,5,'2017-11-28 01:45:48'),(7190,'2017-10-6',1,5,'2017-11-28 01:45:48'),(7191,'2017-10-6',1,5,'2017-11-28 01:45:48'),(7192,'2017-11-22',1,5,'2017-11-28 01:45:48'),(7193,'2017-11-22',1,5,'2017-11-28 01:45:48'),(7194,'2017-11-22',1,5,'2017-11-28 01:45:48'),(7195,'2017-10-6',1,5,'2017-11-28 01:45:48'),(7196,'2017-11-22',1,5,'2017-11-28 01:45:48'),(7197,'2017-11-22',1,5,'2017-11-28 01:45:48'),(7198,'2017-11-22',1,5,'2017-11-28 01:45:48'),(7199,'2017-10-6',1,5,'2017-11-28 01:45:48');
/*!40000 ALTER TABLE `tweet` ENABLE KEYS */;
UNLOCK TABLES;

--
-- Table structure for table `wordBag`
--

DROP TABLE IF EXISTS `wordBag`;
/*!40101 SET @saved_cs_client     = @@character_set_client */;
/*!40101 SET character_set_client = utf8 */;
CREATE TABLE `wordBag` (
  `id_word` smallint(5) unsigned NOT NULL AUTO_INCREMENT,
  `id_crime` smallint(5) unsigned NOT NULL,
  `word` varchar(255) NOT NULL,
  `last_update` timestamp NOT NULL DEFAULT CURRENT_TIMESTAMP ON UPDATE CURRENT_TIMESTAMP,
  PRIMARY KEY (`id_word`),
  KEY `id_crime` (`id_crime`),
  CONSTRAINT `wordBag_ibfk_1` FOREIGN KEY (`id_crime`) REFERENCES `crime` (`id_crime`)
) ENGINE=InnoDB DEFAULT CHARSET=utf8;
/*!40101 SET character_set_client = @saved_cs_client */;

--
-- Dumping data for table `wordBag`
--

LOCK TABLES `wordBag` WRITE;
/*!40000 ALTER TABLE `wordBag` DISABLE KEYS */;
/*!40000 ALTER TABLE `wordBag` ENABLE KEYS */;
UNLOCK TABLES;
/*!40103 SET TIME_ZONE=@OLD_TIME_ZONE */;

/*!40101 SET SQL_MODE=@OLD_SQL_MODE */;
/*!40014 SET FOREIGN_KEY_CHECKS=@OLD_FOREIGN_KEY_CHECKS */;
/*!40014 SET UNIQUE_CHECKS=@OLD_UNIQUE_CHECKS */;
/*!40101 SET CHARACTER_SET_CLIENT=@OLD_CHARACTER_SET_CLIENT */;
/*!40101 SET CHARACTER_SET_RESULTS=@OLD_CHARACTER_SET_RESULTS */;
/*!40101 SET COLLATION_CONNECTION=@OLD_COLLATION_CONNECTION */;
/*!40111 SET SQL_NOTES=@OLD_SQL_NOTES */;

-- Dump completed on 2017-11-27 23:10:35
